url,label
https://support.microsoft.com/products,0
https://23.161.68.254/update.php,1
https://adobe.com/docs/api?ref=n9kr,0
https://docs.gtbank.com/,0
http://Paypal-verify.ml,1
http://ebay-signin-suspend.cf/session,1
https://mail.twitter.com/products,0
https://shop.wordpress.com/products?ref=cpkj,0
https://accounts.paypal.com/help,0
https://id.paypal.com/,0
http://16.182.7.73/banking.php,1
https://shop.medium.com/products?ref=8jv7,0
http://apple-31ph-eiv6-secure-eftz5.ml/login/verify,1
https://www.slack.com/settings,0
http://90.29.91.10/secure.php,1
https://support.airbnb.com/help,0
https://shop.zoom.us/account,0
http://222.49.102.199/secure.php,1
https://accounts.stackoverflow.com/settings?ref=b93w,0
https://mail.amazon.com/docs/api,0
https://107.235.58.43/banking.php,1
https://id.zoom.us/about,0
https://id.accessbankplc.com/login,0
http://apple-alert-account.tk/session,1
https://id.github.com/account,0
https://blog.airbnb.com/login,0
http://8m1inuf.xyz,1
https://accounts.reddit.com,0
https://blog.salesforce.com/pricing,0
https://mail.paypal.com/help,0
http://microsoft-secure.cf/session,1
https://www.cnn.com/products,0
https://whatsapp-verify.ml/session,1
http://120.106.249.37/banking.php,1
http://applu-verify.info,1
https://blog.cnn.com/?ref=yg3v,0
http://gtbank-3cyb-yc4i-6h1m-3jlz-secure-033dz.top/login/verify,1
https://support.zenithbank.com/settings,0
https://microsoft.com/settings,0
http://apple-confirm-account.xyz/session,1
https://shop.spotify.com/docs/api,0
http://paypal-whny-bjk8-secure-evbrx.gq/login/verify,1
https://linkedin-suspend.cf/session,1
https://accounts.wikipedia.org/docs/api,0
http://my9bn1hcd4.ga,1
https://www.booking.com,0
https://docs.dropbox.com/settings,0
https://z3ztds7xsv1.tk,1
http://590j1mnyw0.ga,1
http://wu19lf2.top,1
https://id.coinbase.com/account,0
http://162.50.118.54/confirm.php,1
http://paypal-e24i-1agz-gxvx-secure-m62s6.ml/login/verify,1
https://docs.coinbase.com/pricing,0
https://docs.wordpress.com/pricing,0
http://facebok-confirm.cf,1
https://chgse-verify.club,1
https://shopify.com/login,0
http://microsoft-update.gq/session,1
https://mail.booking.com/products,0
http://172.49.156.40/secure.php,1
https://facebook-verify.tk/session,1
https://accounts.linkedin.com/?ref=cjbc,0
https://amazon.com@pd7z4kso.tk,1
https://support.slack.com/docs/api,0
https://www.wordpress.com/docs/api?ref=dw56,0
http://o5d5afql.cf,1
https://id.medium.com/pricing,0
https://blog.bbc.com,0
https://support.zenithbank.com/,0
https://shop.bbc.com/about,0
https://www.bbc.com/about,0
http://google-verify.work/session,1
http://ev33pv70l.ga,1
https://id.paypal.com/products,0
http://50.201.130.207/suspend.php,1
http://instagra-login.club,1
https://airbnb.com/login?ref=34iq,0
https://119.170.217.243/update.php,1
https://amazon-blwd-8m7a-secure-owil4.xyz/login/verify,1
https://accounts.adobe.com/account?ref=4q6q,0
https://mail.salesforce.com/products,0
https://support.zoom.us/about,0
https://apple.com@vc35ty40.info,1
https://blog.apple.com,0
https://support.shopify.com/,0
http://go2n5m.work,1
https://accounts.netflix.com/settings?ref=fjgc,0
https://nytimes.com/help,0
http://185.185.196.223/secure.php,1
https://paypa-suspend.work,1
http://mcrosoft-confirm.info,1
https://accounts.yahoo.com/about,0
https://whatsapp.com@6wmz0zcs.club,1
http://gtbank-r2gw-lj6i-w5g2-secure-shp0g.info/login/verify,1
http://paypal.com@rztwo7er.tk,1
https://coinbase.com/help?ref=9z5j,0
https://accounts.coinbase.com/settings,0
https://mail.whatsapp.com/account,0
https://google.com/docs/api,0
https://shop.whatsapp.com/account?ref=1pi2,0
http://56rdo3z1j.tk,1
https://docs.trello.com/,0
https://accounts.bbc.com/products?ref=xhg4,0
https://mail.linkedin.com?ref=nhjw,0
http://7tdv842qy.work,1
https://id.microsoft.com/?ref=fr6m,0
http://coinbase-ypq5-lyyp-6s0v-secure-b61pd.ml/login/verify,1
http://ebay-secure-banking.xyz/session,1
https://blog.yahoo.com/settings?ref=lz5t,0
https://docs.whatsapp.com/help,0
https://mail.shopify.com/pricing,0
https://id.airbnb.com/products,0
https://apple-signin-suspend.tk/session,1
https://n4bpsaue.xyz,1
https://hmazon-verify.com,1
http://2c55spudeeh.ga,1
https://apple-suspend.ga/session,1
http://google.com@xkcb9d7u.tk,1
https://apple-verify-alert.xyz/session,1
https://blog.accessbankplc.com/login,0
https://docs.coinbase.com?ref=okvg,0
https://www.stackoverflow.com/help,0
https://docs.spotify.com/?ref=xw76,0
https://docs.netflix.com/pricing,0
https://id.medium.com/products,0
https://facebook-wo7v-1iz4-jqi5-secure-jsyxu.top/login/verify,1
https://docs.linkedin.com,0
http://microsoft-ixl7-vsky-secure-c5tg8.ga/login/verify,1
http://e3u1f5r3zjf.gq,1
http://paypal.com@0t1kkuw6.cf,1
https://mail.whatsapp.com/account?ref=t8t6,0
https://shop.shopify.com,0
https://support.dropbox.com/products?ref=ia5u,0
http://127.68.161.172/alert.php,1
https://id.chase.com/docs/api,0
https://245.47.234.52/secure.php,1
http://linkedin-jufn-24xc-rwdw-f1tq-secure-0ufoj.work/login/verify,1
http://wHatsapp-signin.info,1
http://paypal-update-signin.top/session,1
http://aPple-signin.ml,1
https://50.23.140.179/update.php,1
https://coinbase.com@vp7q7cmd.tk,1
https://133.218.162.43/alert.php,1
http://coinbse-login.xyz,1
https://www.dropbox.com/settings,0
http://apple-banking.info/session,1
https://mail.reddit.com/settings,0
https://mail.stackoverflow.com/help,0
https://support.zenithbank.com,0
http://chase.com@ks3ii3f4.xyz,1
http://ovvt2i.club,1
https://docs.airbnb.com/about,0
https://mail.accessbankplc.com/docs/api?ref=ysal,0
https://apple-secure-account.cf/session,1
https://docs.amazon.com/pricing,0
https://shop.reddit.com/settings,0
http://253.152.233.228/suspend.php,1
http://216.99.69.243/signin.php,1
https://docs.apple.com/account,0
https://accounts.salesforce.com/,0
https://shop.slack.com,0
https://accounts.shopify.com/products,0
https://coinbase.com@1zkv4ias.xyz,1
https://support.twitter.com/about,0
https://www.slack.com/login?ref=nfho,0
https://blog.nytimes.com/products,0
http://google-22ej-pkc0-xtyv-secure-9p01z.info/login/verify,1
https://id.slack.com/help,0
https://instagram.com@v0d0iml4.top,1
https://accounts.stackoverflow.com/login,0
https://google.com@tvog5kks.tk,1
http://coinbase.com@5biofu2n.tk,1
https://trello.com/docs/api?ref=9nu9,0
https://paypal-wxgp-5lfk-emr4-secure-25jt3.tk/login/verify,1
https://accounts.zoom.us/account,0
https://mail.figma.com/,0
http://paypal-da1k-3re8-hcx0-secure-lpxhv.cf/login/verify,1
http://gtbank-cb2p-n4u6-ave7-e51m-secure-u3ga9.club/login/verify,1
https://linkedin.com@nrskoqv3.info,1
https://blog.ebay.com/products,0
https://adobe.com/docs/api?ref=bdpd,0
http://gtbank.com@jztrhxjn.gq,1
https://accounts.linkedin.com/?ref=mnhi,0
http://linkedin-rjo5-9vry-secure-f46de.info/login/verify,1
http://whatsapp-banking.info/session,1
http://49a7zvd8h3ch.work,1
http://mcrosoft-secure.club,1
http://paypal-signin.work/session,1
https://accounts.coinbase.com/login,0
https://www.notion.so/help,0
https://support.coinbase.com/docs/api,0
http://4h03b27lak.ml,1
http://ebay-5h3k-7ujj-31w0-gq34-secure-aupfl.info/login/verify,1
https://support.wordpress.com/login,0
https://apple-banking-alert.tk/session,1
http://la7fg8b.work,1
https://www.linkedin.com,0
http://apple-alert-login.top/session,1
https://id.github.com/products,0
http://chase-account.ga/session,1
https://164.95.208.190/login.php,1
https://id.spotify.com/account?ref=fxb4,0
https://www.booking.com/,0
https://www.reddit.com/help,0
http://32.201.178.9/suspend.php,1
https://accounts.gtbank.com/account?ref=1zm4,0
http://s0hcn1d5.cf,1
https://shop.netflix.com/,0
https://shop.trello.com/products?ref=z5nt,0
https://0t8dhd.ml,1
http://vbfejrk2.xyz,1
http://i30yvyxllq.tk,1
https://blog.wikipedia.org/help,0
https://shop.amazon.com,0
http://chase-banking-signin.info/session,1
https://accounts.reddit.com/products,0
https://shop.dropbox.com/?ref=zrvh,0
https://blog.wikipedia.org/docs/api,0
https://docs.ebay.com/,0
http://whatsapp-uxbo-xo5t-9dhx-secure-hm3j5.gq/login/verify,1
http://google.com@6c4x56v3.ml,1
http://64.224.114.9/login.php,1
http://microsoft-suspend.club/session,1
http://242.177.228.143/login.php,1
http://coinkbase-confirm.tk,1
https://mail.spotify.com/account,0
http://whatssapp-login.ml,1
http://google-isx4-9t0z-4o75-rddh-secure-cyamn.xyz/login/verify,1
https://blog.yahoo.com/settings?ref=x3sr,0
https://230.189.1.214/signin.php,1
http://whatsapP-alert.gq,1
https://hstrlt4.ml,1
http://gtbank-9gi7-611m-secure-n25n8.cf/login/verify,1
https://mail.instagram.com/settings,0
http://capple-suspend.ga,1
https://accounts.spotify.com/products,0
https://id.trello.com/?ref=v44f,0
https://whatsapp-secure-account.gq/session,1
https://figma.com/help?ref=k2wb,0
https://blog.facebook.com?ref=2y8r,0
http://46.11.16.75/secure.php,1
https://id.airbnb.com/docs/api,0
https://www.gtbank.com/account,0
http://chase.com@djxh3w6z.ga,1
https://ebay-u2x1-7poi-92ri-secure-zvbce.xyz/login/verify,1
https://accounts.quora.com/login,0
https://blog.nytimes.com/account,0
http://170.157.104.57/secure.php,1
https://blog.google.com/login,0
https://whatsapp-alert.cf/session,1
http://chase-account.ml/session,1
http://netflqix-signin.com,1
https://blog.slack.com/account,0
https://paypal.com?ref=eg1c,0
http://ebay-fnld-33z0-secure-ckuhy.work/login/verify,1
https://facebook-lplf-wafn-2147-secure-j8np9.top/login/verify,1
http://iac72sy.top,1
https://202.45.13.30/signin.php,1
https://docs.twitter.com/products,0
https://mail.slack.com/settings,0
https://shop.facebook.com/,0
https://support.gtbank.com/account,0
http://netfliix-login.ga,1
http://2ujz4n.tk,1
https://mail.medium.com/about?ref=sxw7,0
http://boo0f00ms8m.top,1
https://support.trello.com/login,0
http://coinbase-login-update.top/session,1
http://wfv2ttuswe.club,1
https://docs.cnn.com/settings,0
http://gbank-account.ml,1
https://shop.spotify.com?ref=hkv9,0
https://accounts.dropbox.com/?ref=oi9w,0
https://246.110.160.182/confirm.php,1
https://linkedin.com/docs/api,0
https://docs.microsoft.com/settings?ref=3lvo,0
https://linkedin.com/login,0
http://chaSe-signin.club,1
https://support.chase.com/pricing,0
https://blog.nytimes.com/about,0
https://whatsapp-confirm-verify.tk/session,1
http://whatsapp.com@olangxcd.work,1
http://instagRam-alert.net,1
http://95.133.34.12/banking.php,1
https://docs.apple.com/docs/api,0
http://paypal-verify-secure.info/session,1
https://blog.notion.so/settings,0
http://yebay-signin.club,1
https://mail.stackoverflow.com/about,0
https://mail.apple.com/products,0
http://instagram.com@bw1py825.tk,1
http://apple-r7qm-y2au-secure-w14n5.tk/login/verify,1
https://accounts.shopify.com/products?ref=jjzq,0
https://accounts.dropbox.com/account?ref=w825,0
https://accounts.trello.com/about,0
https://paypal.com@mauhuhxu.xyz,1
https://dropbox.com/,0
http://ebay-suspend-alert.gq/session,1
https://id.facebook.com/,0
http://231.16.5.216/alert.php,1
https://docs.microsoft.com/,0
https://bbc.com/products,0
https://www.wordpress.com/login,0
https://blog.nytimes.com/settings?ref=diu1,0
https://facebook.com@7r81b5xt.gq,1
http://amazoN-suspend.cf,1
https://support.nytimes.com/account,0
http://2.136.59.11/update.php,1
https://support.bbc.com/settings,0
https://paypal.com/products,0
https://twitter.com/account?ref=pqvl,0
https://accounts.paypal.com/settings,0
https://shop.chase.com/settings,0
http://netflix-ylqf-sda8-980b-secure-btl03.club/login/verify,1
https://blog.coinbase.com/help?ref=3ih6,0
https://support.gtbank.com/products?ref=sc4e,0
http://amazon.com@ovvi1yx9.ml,1
https://accounts.medium.com/account,0
https://shop.dropbox.com/pricing,0
https://mail.paypal.com/about,0
http://coinbAse-login.gq,1
https://support.paypal.com/help,0
https://reddit.com/docs/api,0
https://accounts.dropbox.com/help,0
https://zoom.us/products,0
https://blog.coinbase.com/about,0
http://ebay-zebc-vf6f-ovk2-hqkq-secure-bivpi.ga/login/verify,1
https://www.spotify.com/?ref=z1oa,0
https://support.wordpress.com/?ref=mlxz,0
https://accounts.netflix.com?ref=ouad,0
http://apple.com@24xhqzbc.ml,1
https://www.instagram.com,0
https://apple.com,0
http://948p7a8gcp8.tk,1
https://247.165.209.38/account.php,1
https://notion.so/,0
https://www.github.com/docs/api,0
https://id.netflix.com/pricing,0
https://id.chase.com/docs/api?ref=0mgo,0
http://amazon-fzxf-cn0e-ahrx-0d9y-secure-l5198.tk/login/verify,1
https://mail.nytimes.com/login,0
https://ebay.com/docs/api,0
http://whatsapp-account.top,1
https://support.gtbank.com/settings,0
https://mail.zenithbank.com/help,0
https://docs.nytimes.com/pricing,0
http://linkediN-login.net,1
http://coinbase-e6xd-mr7b-jn7c-secure-q6l4j.gq/login/verify,1
https://blog.booking.com/settings,0
http://0f39wg0mcg59.xyz,1
https://docs.paypal.com/settings?ref=yo5l,0
https://support.dropbox.com/products,0
https://docs.zoom.us/,0
http://ebay.com@8e5sfe0x.top,1
https://blog.adobe.com/about,0
https://paypal.com/products?ref=mb3l,0
http://qxms0hkraj.cf,1
https://gtbank.com/?ref=lsxk,0
https://61atm13qvbn.gq,1
http://iqt67f.cf,1
https://www.github.com/pricing?ref=7fq9,0
https://shop.medium.com/account,0
https://support.spotify.com/pricing,0
https://shop.paypal.com/login,0
http://linkedin-account-secure.info/session,1
https://www.medium.com,0
http://85.142.8.26/confirm.php,1
https://157.105.92.202/confirm.php,1
http://apple-n3ty-k80x-taof-zd6k-secure-zhhiz.top/login/verify,1
https://www.airbnb.com/help,0
https://www.booking.com/help,0
https://112.84.244.181/banking.php,1
https://blog.zoom.us/login,0
https://reddit.com/products,0
http://qe1il46lmi1j.ml,1
https://linkedin-verify-secure.tk/session,1
http://facebookk-signin.tk,1
https://www.netflix.com/products,0
https://id.spotify.com,0
https://support.nytimes.com/help,0
https://support.coinbase.com,0
http://whatsapp.com@j10idsff.info,1
https://id.airbnb.com,0
http://Ebay-secure.cf,1
https://id.figma.com/settings?ref=nkom,0
https://support.dropbox.com/login,0
https://docs.zoom.us/about?ref=sou6,0
https://id.notion.so/about,0
https://ebay.com@ficgxloa.info,1
http://102.70.91.11/alert.php,1
http://apple-yovj-mvau-m2kn-2xhq-secure-rbf4a.club/login/verify,1
https://shop.dropbox.com/settings,0
https://accounts.linkedin.com?ref=ihsa,0
http://33.70.207.241/signin.php,1
http://instagram.com@scwipm7t.ga,1
https://id.paypal.com/login,0
https://docs.whatsapp.com/account,0
http://coinbbase-verify.work,1
https://twitter.com/pricing?ref=bxqj,0
http://linkein-suspend.work,1
http://apple.com@c7j0znru.cf,1
http://ebay.com@0wr38aiz.xyz,1
https://www.paypal.com/help,0
https://facebook.com@joqjq8hc.info,1
https://ebay-mr0a-z0zn-z3t1-secure-5udlh.work/login/verify,1
http://chase-fj2e-tpse-secure-wr7ox.ml/login/verify,1
https://slack.com/pricing,0
https://mail.spotify.com/,0
http://paypal-9gm5-3fpy-63my-secure-nigzm.club/login/verify,1
https://docs.github.com/docs/api,0
https://mail.paypal.com/pricing,0
https://blog.dropbox.com,0
https://www.whatsapp.com/pricing?ref=1jqn,0
http://87.47.115.193/confirm.php,1
https://microsoft.com/help,0
http://bl116cz.work,1
https://mail.instagram.com/pricing,0
https://blog.wordpress.com/,0
http://linkedin-confirm-login.club/session,1
https://coinybase-secure.top,1
http://appple-alert.com,1
https://mail.ebay.com/products,0
http://facebook-ts8m-g00c-rz17-a8rn-secure-pwnua.tk/login/verify,1
http://gofogle-alert.net,1
https://id.zenithbank.com/about,0
https://trello.com/products,0
https://shop.salesforce.com/products?ref=5uof,0
http://8md3szxdf0.xyz,1
http://coinbase-wzoi-v10j-h6za-z505-secure-2pw4d.club/login/verify,1
https://mail.quora.com/products,0
http://2oteymomlf.gq,1
https://mail.ebay.com/login,0
https://id.yahoo.com,0
https://www.github.com/products,0
https://support.amazon.com/products,0
https://shop.stackoverflow.com/docs/api,0
https://accounts.bbc.com/help?ref=zhzk,0
https://docs.instagram.com/products,0
https://support.bbc.com/docs/api,0
http://gtbankk-suspend.xyz,1
http://oogle-login.gq,1
https://shop.gtbank.com/about,0
https://whatsapp-ou83-3z5g-f0g4-secure-u2slz.tk/login/verify,1
https://mail.shopify.com/,0
http://chase-v20k-9jx4-secure-473uj.ml/login/verify,1
https://mail.bbc.com/,0
https://accounts.bbc.com,0
http://whatsapp-pzj3-mnht-zqtt-secure-p3zjl.tk/login/verify,1
https://gtbank-confirm-banking.ga/session,1
http://facebook.com@gfvxh0ei.ga,1
https://id.linkedin.com/?ref=avyq,0
https://faceibook-update.com,1
https://shop.zenithbank.com/about?ref=pqpp,0
https://support.bbc.com/account,0
http://75.11.124.161/suspend.php,1
http://chase-yvbz-4gjh-jj30-u2vj-secure-y9zwq.ga/login/verify,1
http://apwle-verify.info,1
https://blog.nytimes.com/login,0
http://ahbef2.cf,1
https://whatsapp.com@v7wf3xmb.tk,1
https://bvh2vf.club,1
http://microsoft.com@3kbh423l.ga,1
https://support.netflix.com/pricing,0
http://facebook-login.tk/session,1
https://docs.linkedin.com/products,0
https://accounts.chase.com,0
https://apple.com/account?ref=f4he,0
https://blog.linkedin.com/?ref=jzr5,0
https://xt4u2i.ga,1
https://amazon.com,0
https://www.chase.com/settings,0
https://netflix.com/pricing,0
http://fentd7k.ga,1
http://whatsapp.com@whlq7ar4.ga,1
https://notion.so/login,0
https://id.quora.com/products?ref=81do,0
http://paypkl-update.tk,1
https://mail.nytimes.com/login?ref=zpl1,0
http://whatsapp.com@lbwj1irv.tk,1
https://mail.facebook.com/help,0
https://google.com/help,0
http://apple-account.ga/session,1
https://cnn.com/help?ref=a24s,0
http://8wnac1pmad.ga,1
https://accounts.zenithbank.com/about?ref=kgmi,0
https://paypal.com@p82j3tps.gq,1
https://shop.ebay.com/login,0
https://blog.medium.com/pricing,0
https://id.chase.com/settings,0
https://blog.netflix.com/about,0
https://mail.wikipedia.org,0
http://google-o30x-8bnm-jsxt-dhdx-secure-bu4i4.tk/login/verify,1
http://gtbank-alert.work/session,1
https://id.ebay.com/account?ref=sg2q,0
http://paypaL-alert.club,1
https://accounts.nytimes.com?ref=r94s,0
https://support.coinbase.com/login?ref=npjd,0
http://2.22.128.232/secure.php,1
https://docs.salesforce.com/docs/api,0
https://whatsapp-ikn9-ntwj-secure-u2aqh.cf/login/verify,1
https://shop.chase.com,0
http://apple-secure.cf/session,1
http://gtbank-confirm.gq/session,1
https://ebay.com@s7auigjd.top,1
http://chase-banking.cf/session,1
https://linkaedin-signin.net,1
http://249.127.186.146/banking.php,1
https://mail.airbnb.com/account,0
https://gtbank-secure.club/session,1
https://docs.stackoverflow.com/about,0
https://www.reddit.com/products,0
https://linkedin-8rsr-kpvi-secure-bwk8x.ml/login/verify,1
https://www.wordpress.com?ref=786w,0
https://fmw4v1.ga,1
http://paYpal-signin.gq,1
http://whatsapp-suspend.cf/session,1
https://applye-confirm.cf,1
https://microoft-alert.cf,1
http://m1vd7cr.tk,1
https://accounts.github.com/help,0
https://facebook-signin.tk/session,1
https://support.amazon.com/help,0
http://100.87.170.94/verify.php,1
https://137.83.88.134/banking.php,1
https://zoom.us/about,0
https://mail.slack.com/settings?ref=3hyc,0
https://accounts.paypal.com,0
https://docs.booking.com/pricing,0
http://iud99xro37.work,1
https://docs.booking.com/products,0
http://ebay.com@u7bwhzmj.tk,1
http://126.56.228.174/login.php,1
http://in748av3g6.top,1
http://facebook.com@vaxgumdf.xyz,1
https://netflix-9yvg-ipax-nqeg-secure-p4d8j.ga/login/verify,1
https://id.salesforce.com/,0
http://cOinbase-suspend.work,1
https://amazzon-suspend.com,1
http://google.com@4cpkjykx.ml,1
http://facebook.com@k6cmwsh0.work,1
https://support.netflix.com/products,0
https://blog.chase.com/,0
https://id.spotify.com/about,0
http://chase.com@3yys14im.ml,1
https://mail.nytimes.com/help?ref=8udt,0
https://mail.github.com/pricing,0
http://j9rwau3v8k.cf,1
https://docs.ebay.com/pricing?ref=hvs4,0
http://921yk9xp.ga,1
https://inltagram-update.ga,1
https://apple-confirm-verify.gq/session,1
https://facebook-i56f-jpz4-2q8b-secure-53gwt.cf/login/verify,1
https://90hedmamkrq2.work,1
http://174.191.43.126/secure.php,1
https://facebook-asss-lslv-3n1u-hygs-secure-5sro0.work/login/verify,1
https://id.figma.com/,0
http://netflix-update-banking.work/session,1
https://mail.airbnb.com/help?ref=jr81,0
https://accounts.accessbankplc.com,0
http://linkedin-5ejr-91qu-secure-a3dc9.top/login/verify,1
https://www.yahoo.com/,0
https://blog.medium.com/about,0
https://99.176.205.234/confirm.php,1
http://chase-wr4i-ji93-4qpv-secure-dp1f8.tk/login/verify,1
https://accounts.apple.com/about,0
https://62.17.90.104/signin.php,1
https://dropbox.com,0
https://support.adobe.com/pricing,0
https://docs.facebook.com,0
https://blog.github.com/account,0
https://id.twitter.com/docs/api,0
https://booking.com/settings,0
http://chase-68uu-j2g4-secure-0lr3o.gq/login/verify,1
http://appole-update.ml,1
http://249.129.9.4/secure.php,1
https://zenithbank.com/about,0
https://instagram-dux6-3rr8-secure-rcht1.gq/login/verify,1
https://docs.twitter.com/docs/api,0
https://microsoft-1iip-nqrp-secure-62e21.gq/login/verify,1
https://appple-suspend.tk,1
https://accounts.linkedin.com/about,0
https://blog.paypal.com/login?ref=wvf8,0
https://shop.apple.com/pricing?ref=w0fg,0
http://81.72.215.124/update.php,1
https://blog.linkedin.com/account,0
http://ebay-9wvn-f751-vutp-qcms-secure-zbdgv.work/login/verify,1
https://axufvpig3yvr.ga,1
http://linkedin.com@tt1blow2.info,1
https://shop.netflix.com/pricing,0
https://figma.com/settings,0
http://y65qi2wjj80.top,1
http://200.203.87.61/banking.php,1
https://id.accessbankplc.com,0
https://dropbox.com/pricing,0
https://accounts.shopify.com/account?ref=hw9r,0
https://5vwtf9.tk,1
https://mail.chase.com/docs/api?ref=8uyo,0
http://instagram-mpv9-wxn9-1tfr-sa8z-secure-309ey.ga/login/verify,1
https://id.amazon.com/account?ref=83ru,0
http://zhase-confirm.gq,1
http://googgle-verify.cf,1
http://ydp0lo2k9qu.work,1
http://coinbase-vsvd-t766-3c42-secure-cv96q.info/login/verify,1
https://mail.chase.com/docs/api?ref=ggrm,0
https://www.salesforce.com/account,0
http://188.21.109.65/secure.php,1
https://accounts.facebook.com/login,0
http://paypal.com@lz72j8dy.xyz,1
https://mail.nytimes.com/account,0
http://netflix-account-update.work/session,1
http://xj1wqqoqsd8p.club,1
https://www.netflix.com/pricing,0
https://linkedin-alert-banking.ga/session,1
http://facebook.com@um330boq.tk,1
https://microsoft-docb-a4aa-secure-demm0.gq/login/verify,1
http://netflix-suspend.info/session,1
https://shop.adobe.com/products?ref=osfr,0
https://wur1z82h394.xyz,1
https://mail.figma.com,0
http://coinbase.com@sltj669r.ga,1
http://linkedin-dow6-jfpy-772a-8709-secure-ydc14.top/login/verify,1
https://docs.google.com,0
https://id.whatsapp.com/account,0
http://gtbank.com@66n0tgiy.cf,1
http://coinbase-sik6-fpg5-secure-vpdkf.work/login/verify,1
http://ketugknn52.club,1
https://accounts.spotify.com/docs/api?ref=6dr0,0
http://netflix-7g5b-0l8o-secure-ullp5.cf/login/verify,1
https://mail.paypal.com/pricing?ref=ejt7,0
http://alzgrmc7f.ga,1
http://netflix.com@z9h0unl0.work,1
https://inStagram-suspend.net,1
http://ebay.com@svfouka4.ml,1
https://support.figma.com,0
https://coinbase.com/?ref=77q9,0
https://docs.spotify.com/,0
http://whatsappp-signin.ml,1
https://docs.netflix.com,0
https://www.netflix.com/login,0
http://netfli-login.xyz,1
https://cnn.com/pricing?ref=ouuy,0
https://www.gtbank.com/docs/api,0
http://mpa7dzvhltm.ga,1
https://147.195.70.59/suspend.php,1
https://blog.adobe.com/docs/api?ref=itkx,0
http://gtbank.com@io1qlml5.cf,1
https://id.yahoo.com/pricing,0
https://accounts.booking.com/account,0
http://hogdpl4ckt.ga,1
http://facebook.com@os7nnxxy.xyz,1
http://160.14.83.229/alert.php,1
https://id.apple.com/settings?ref=9vwi,0
https://iinkedin-secure.xyz,1
http://195.3.43.92/account.php,1
https://google-jq0a-qk71-1uzq-6rf8-secure-j2mwy.xyz/login/verify,1
http://faccebook-login.gq,1
http://ebay-otgp-eqcy-secure-pzhuu.cf/login/verify,1
http://microsoft.com@3h5ywl94.xyz,1
http://amazon.com@hlswdlr4.gq,1
https://linkedin-secure-alert.ml/session,1
https://id.yahoo.com/login,0
http://170.240.163.104/secure.php,1
http://f7mwtz5.top,1
http://inetagram-banking.tk,1
https://id.medium.com/help,0
https://support.wordpress.com/about,0
https://247.11.30.62/account.php,1
https://netflgx-update.net,1
http://130.107.181.246/signin.php,1
https://chase.com@ih548jrp.ga,1
https://paypal.com@xd8xq41w.gq,1
http://chase.com@33ah78y3.top,1
https://id.dropbox.com/account,0
http://chhase-suspend.top,1
https://docs.notion.so/products,0
https://id.amazon.com/docs/api,0
https://support.accessbankplc.com/docs/api,0
http://whatsapp-signin.ml/session,1
https://www.whatsapp.com/settings,0
https://gtmbank-update.tk,1
https://insttagram-account.net,1
https://support.accessbankplc.com/account,0
https://blog.google.com,0
https://mail.netflix.com/products,0
http://111.8.246.127/verify.php,1
https://236.157.238.35/suspend.php,1
http://google-suspend-account.info/session,1
https://www.booking.com/pricing,0
http://google-wlf9-yxam-secure-7yofc.info/login/verify,1
http://microsoft-verify.ga/session,1
https://support.trello.com/docs/api?ref=5xt6,0
http://w6j2tiplk5b.top,1
https://shop.gtbank.com/about?ref=nulq,0
http://googlE-account.net,1
http://paypal.com@zrxep46a.ga,1
https://support.figma.com/docs/api?ref=xmzm,0
https://shop.bbc.com/settings,0
https://8.245.132.173/suspend.php,1
https://accounts.whatsapp.com/settings?ref=wcde,0
https://support.nytimes.com/products?ref=2xgv,0
https://support.gtbank.com/,0
https://netflix-account.tk/session,1
http://instagoam-banking.net,1
http://152.129.195.134/verify.php,1
https://docs.booking.com/account,0
https://www.twitter.com,0
https://mail.coinbase.com/help?ref=68au,0
http://chasse-alert.ml,1
https://ot4saymwr03v.top,1
https://support.linkedin.com/docs/api,0
https://ebaY-confirm.info,1
https://www.netflix.com/account?ref=mw2t,0
https://id.linkedin.com/login?ref=3y5t,0
https://www.airbnb.com/login,0
https://support.yahoo.com/account?ref=0onj,0
http://linedin-suspend.net,1
http://google-secure-signin.top/session,1
http://neflix-login.com,1
https://www.wordpress.com/about,0
https://slack.com/help,0
http://microsoft.com@bnrk4pvi.ml,1
https://neTflix-suspend.net,1
http://mficrosoft-confirm.gq,1
https://shop.trello.com/products?ref=xdw6,0
https://netflix.com@4lpqk5fp.top,1
https://id.zoom.us/help,0
https://www.zoom.us/products,0
https://accounts.wikipedia.org/products,0
https://mail.quora.com?ref=0q5z,0
https://id.amazon.com/pricing,0
https://support.gtbank.com/pricing,0
https://instagram-banking-secure.tk/session,1
http://facebook.com@7n3ytc84.work,1
https://id.nytimes.com/account,0
http://paypal-u0e2-d521-9zag-i3np-secure-jedod.top/login/verify,1
https://218.247.12.116/signin.php,1
http://coiqnbase-confirm.tk,1
https://support.microsoft.com/help,0
https://shop.microsoft.com/docs/api,0
http://ebaay-suspend.com,1
https://mail.microsoft.com/account?ref=caqv,0
http://bxazvvjq.info,1
http://instagram.com@pxs2lym9.work,1
http://207.85.89.219/login.php,1
https://id.notion.so/docs/api?ref=m1en,0
https://instagram.com/account,0
http://182.24.181.216/update.php,1
https://linkedin.com/pricing,0
https://apple-mf4s-rn6m-secure-xk7ox.work/login/verify,1
http://j3bsy3.top,1
https://docs.linkedin.com/docs/api,0
https://id.cnn.com/docs/api,0
http://44c937rupl5h.cf,1
http://facebook-t1s9-j3mv-olhb-flfb-secure-x3oov.work/login/verify,1
https://cnn.com/account?ref=ahp2,0
https://mail.wikipedia.org/products,0
https://google.com/pricing,0
https://blog.stackoverflow.com/login,0
https://wikipedia.org/pricing,0
https://shop.paypal.com/settings?ref=1hga,0
https://accounts.figma.com/pricing,0
https://mail.wordpress.com,0
https://mail.spotify.com/products,0
https://www.quora.com/about,0
http://facebook-weu9-7z77-dbeo-secure-3na7h.gq/login/verify,1
https://reddit.com/login,0
http://63umgthktg.ml,1
https://id.gtbank.com/products,0
https://microsoft.com/account,0
http://6yshhyafv.xyz,1
https://www.apple.com/account,0
http://54x1i54.info,1
https://mail.reddit.com/products?ref=ersd,0
https://70.107.226.5/confirm.php,1
https://mail.whatsapp.com/about,0
https://mail.shopify.com/products?ref=x7lx,0
https://gtbank.com@s0zbtbop.club,1
http://amazon.com@r78l1mrd.ga,1
http://ebaY-banking.work,1
https://bbc.com/settings?ref=e4qg,0
http://252.162.152.244/secure.php,1
https://shop.apple.com/products,0
https://docs.ebay.com/products,0
https://accounts.wordpress.com/pricing?ref=toaz,0
https://id.whatsapp.com/settings,0
https://support.microsoft.com/pricing,0
https://blog.google.com/account,0
http://coinbase-moyq-j3iz-secure-r6m07.tk/login/verify,1
http://apple.com@nji8fg7s.top,1
http://chase.com@bzwb1ui1.club,1
http://fpaypal-confirm.gq,1
https://mail.wikipedia.org/pricing,0
https://id.quora.com/pricing?ref=6f7l,0
https://mail.salesforce.com/pricing,0
https://id.ebay.com/products?ref=wcr8,0
https://chase.com/about,0
http://goorle-confirm.top,1
http://instagraam-account.gq,1
https://chase-ao4r-k5go-rloq-vcjv-secure-89jpt.work/login/verify,1
http://91.28.200.239/banking.php,1
http://microsoft-ovhw-t3ub-jvjk-secure-xkm79.work/login/verify,1
https://ammazon-account.ga,1
https://apple-account-suspend.tk/session,1
http://Apple-confirm.work,1
http://microsoft-lnol-ba0x-9a8f-secure-bor2k.xyz/login/verify,1
https://162.156.19.220/confirm.php,1
http://amazon-x6af-tavq-guwd-f1s4-secure-mi9zu.gq/login/verify,1
http://google-alert.top/session,1
http://linkedin-login.top/session,1
https://google-banking-update.ga/session,1
http://hwe8e30gnb.tk,1
https://id.instagram.com/docs/api,0
https://docs.paypal.com/settings,0
https://shop.yahoo.com?ref=e52s,0
http://q4fiup.info,1
http://netfylix-account.info,1
http://72.98.168.110/alert.php,1
http://linkedin.com@28bgju7d.tk,1
http://facebook.com@dr9rlqk0.top,1
http://netflix-account.tk/session,1
https://mail.github.com/products,0
https://linkedin.com@u3nm0sxf.ml,1
https://accounts.airbnb.com/products,0
http://amazon-alert.gq/session,1
https://178.140.88.18/update.php,1
https://whatsappp-update.cf,1
https://accounts.wordpress.com,0
https://mail.stackoverflow.com/account?ref=gt2h,0
https://www.salesforce.com/settings,0
https://mail.airbnb.com/pricing,0
https://ebay-0c98-uzzy-00ew-9jzf-secure-epm7z.ga/login/verify,1
http://amazon-alert-confirm.top/session,1
http://190.200.172.152/secure.php,1
https://www.medium.com/pricing,0
https://support.paypal.com/about,0
https://gtbank-login.info/session,1
https://www.linkedin.com/pricing,0
https://78.149.12.95/banking.php,1
https://244.246.18.135/update.php,1
http://gpogle-alert.ml,1
http://whatsapp-verify-update.info/session,1
https://mail.zoom.us/help?ref=ej31,0
http://apple-update.top/session,1
https://coinbase-verify-suspend.xyz/session,1
https://yq5tdf.ga,1
http://100.109.252.205/alert.php,1
https://amazon-ozz9-z76m-h8pu-secure-o7vs8.gq/login/verify,1
https://mail.instagram.com/docs/api,0
https://gtbank.com@vku8yjmy.work,1
https://mail.instagram.com,0
https://spotify.com/docs/api,0
http://coinbase.com@vs96ycxn.ml,1
http://whatsapp-gagn-ps2x-o7xo-chat-secure-bq08f.top/login/verify,1
http://182.109.169.81/suspend.php,1
https://www.booking.com/login?ref=9mv9,0
https://docs.medium.com/login,0
http://a7xwlr4iz.gq,1
http://gtbank-a9vz-eox9-81bf-secure-80uxn.xyz/login/verify,1
http://gtbank.com@io25na8k.gq,1
http://phkokpy98o.top,1
http://221.85.91.3/confirm.php,1
https://f1gzvg042mz.work,1
http://linkediN-verify.top,1
http://paypal-alert.ga/session,1
https://gtbank.com@uyr7vhtc.xyz,1
https://shopify.com/settings,0
https://whatsapp.com@7a5ji1ve.ga,1
https://ebay.com/products?ref=z47i,0
https://id.coinbase.com/help,0
https://id.stackoverflow.com,0
https://ebay.com@eas0o5dg.info,1
https://blog.airbnb.com/account?ref=diwz,0
https://blog.google.com/pricing,0
https://docs.twitter.com/pricing?ref=3wyz,0
https://facebook-48q5-h2in-2bu4-wa2g-secure-2vdy6.tk/login/verify,1
https://instagram.com@gvskoi4s.xyz,1
http://microsoft.com@1ly0ocrv.info,1
http://235.149.171.230/account.php,1
http://facebook-rdpm-pcej-cilp-secure-cnj0h.gq/login/verify,1
http://5wp8mvu2.tk,1
http://16.54.82.51/verify.php,1
http://28.36.215.208/account.php,1
http://instagram-1kke-qvi0-oyei-secure-ttxo2.ml/login/verify,1
http://chasE-update.ml,1
https://www.google.com/products,0
https://blog.cnn.com/account,0
https://docs.wordpress.com/about,0
https://blog.adobe.com/settings,0
https://137.85.225.167/confirm.php,1
https://id.amazon.com/account,0
https://shop.spotify.com,0
https://blog.salesforce.com/pricing?ref=k7y6,0
https://blog.ebay.com/login,0
https://docs.ebay.com/about?ref=9ncb,0
https://docs.netflix.com/settings,0
https://www.coinbase.com/help,0
http://jcaxod97qq.ml,1
https://docs.zenithbank.com/account,0
http://amazon-6m5w-k3bn-egua-rhjr-secure-p7sdw.cf/login/verify,1
https://id.facebook.com/account,0
https://shop.booking.com,0
https://id.nytimes.com/settings,0
http://netflix.com@1bhlf80h.gq,1
https://mail.ebay.com/?ref=hgp5,0
https://accounts.medium.com/help,0
https://docs.dropbox.com/products,0
https://www.trello.com/products,0
https://0jgqevdm6.tk,1
https://gogle-secure.net,1
http://coinmbase-verify.net,1
https://docs.trello.com,0
http://google.com@n6ofqyeo.cf,1
https://b2jmxs7s8.work,1
https://accounts.accessbankplc.com/help,0
https://id.paypal.com/help,0
http://1boczkwssn.xyz,1
http://coinbase-confirm.info/session,1
https://blog.instagram.com/,0
https://paypal-account.ml/session,1
https://facebook-kic0-giz3-pxpq-ubpx-secure-qxeb7.gq/login/verify,1
https://mail.slack.com/login,0
http://142.106.49.151/account.php,1
http://z8p5aiekx.ml,1
https://docs.airbnb.com/pricing,0
https://www.netflix.com/login?ref=08up,0
http://a8mku1g.info,1
https://google-yady-apg1-secure-skhkx.ga/login/verify,1
https://www.airbnb.com/about,0
https://docs.facebook.com/about,0
https://blog.bbc.com/docs/api,0
http://amazon.com@1l6r4u00.ga,1
https://netflix-login.club/session,1
http://gtbank-28j2-k3ty-dccp-vb96-secure-dakxv.ml/login/verify,1
http://whatsapvp-verify.info,1
http://chse-alert.work,1
http://netflix-gn3s-2w1i-xu1o-ubnl-secure-hzd14.xyz/login/verify,1
https://support.shopify.com/pricing,0
http://apple-suspend-confirm.ml/session,1
https://blog.wordpress.com/help,0
https://docs.cnn.com/help,0
https://www.shopify.com/about?ref=8nkd,0
https://www.notion.so/pricing?ref=c8io,0
https://shop.gtbank.com/login,0
http://21.241.123.83/confirm.php,1
https://gtbank-confirm.info/session,1
https://microsoft.com@z573vf80.gq,1
http://paypal.com@f19bp8b1.work,1
https://docs.trello.com?ref=j9c0,0
https://ebay-login.work/session,1
https://www.wordpress.com/products,0
https://cnn.com/account,0
http://amazon.com@emurwvaz.xyz,1
https://blog.gtbank.com/settings,0
http://2.8.176.140/account.php,1
http://qtuqodz4a.top,1
https://netflix.com/products,0
https://docs.chase.com/?ref=ikci,0
https://docs.yahoo.com/login,0
https://support.paypal.com/pricing,0
https://amazon-account-verify.tk/session,1
https://docs.spotify.com?ref=4y89,0
https://paypal.com@hpkji6nr.info,1
https://shop.gtbank.com?ref=dinu,0
https://crcun91wg3.cf,1
https://docs.whatsapp.com/pricing,0
https://accounts.nytimes.com/account,0
https://mail.trello.com/?ref=jk2n,0
https://shop.adobe.com/about,0
https://accounts.instagram.com/products,0
http://eby-confirm.xyz,1
https://support.zoom.us/?ref=1u24,0
https://docs.google.com/settings,0
https://www.microsoft.com/,0
http://wi2ex4knysgo.cf,1
https://www.facebook.com/pricing,0
http://ebay.com@kvtorp59.top,1
https://id.wikipedia.org/account,0
http://ebay-confirm.xyz/session,1
http://payppal-signin.top,1
http://facebook-banking.ml/session,1
https://shop.adobe.com/login,0
https://apple-hd8w-xqbi-lvm4-jbux-secure-keoc6.xyz/login/verify,1
https://support.google.com/settings,0
https://blog.bbc.com?ref=rimr,0
https://docs.adobe.com/settings,0
https://whattsapp-signin.gq,1
http://apple.com@yhcxtr69.cf,1
https://coinbase.com@hxwmvm74.xyz,1
http://whatsapp-login.top/session,1
https://id.spotify.com/pricing,0
http://ebay.com@1do91d35.cf,1
https://shop.notion.so/docs/api,0
https://mail.ebay.com/settings,0
http://whatsapp-wt5f-wk2j-pkor-secure-a1i10.gq/login/verify,1
https://accounts.nytimes.com/products?ref=8osa,0
https://blog.trello.com/products,0
https://122.23.95.234/confirm.php,1
http://17.38.186.157/update.php,1
https://accounts.linkedin.com/,0
http://2ktvv0y9q6kt.xyz,1
https://accounts.accessbankplc.com/docs/api?ref=xuyh,0
https://id.twitter.com,0
http://28.117.97.155/banking.php,1
http://54.77.113.99/login.php,1
https://appl-confirm.top,1
https://paypal-confirm-update.xyz/session,1
https://id.wordpress.com,0
https://www.ebay.com/help,0
https://www.airbnb.com/,0
https://shop.yahoo.com/account,0
https://payppal-confirm.info,1
https://accounts.medium.com,0
https://chase.com@vp7ega4t.cf,1
https://www.reddit.com/?ref=qnsn,0
https://coinbase-confirm-account.top/session,1
https://mail.netflix.com/pricing,0
https://mail.booking.com,0
https://appe-update.tk,1
https://mail.twitter.com/pricing,0
https://www.zenithbank.com/about,0
https://bbc.com/about,0
https://blog.accessbankplc.com/docs/api,0
https://shop.zoom.us/help?ref=zkic,0
https://id.booking.com/settings,0
http://facebook-suspend-banking.work/session,1
https://www.stackoverflow.com/about,0
https://docs.facebook.com/settings,0
https://docs.slack.com/about?ref=who5,0
http://coinbase.com@bxikpdku.club,1
https://docs.booking.com,0
http://micrOsoft-login.club,1
https://coinbase-e3dy-ywzl-0ozt-secure-lp15t.xyz/login/verify,1
http://pple-login.ga,1
https://mail.quora.com/docs/api,0
https://www.dropbox.com/help?ref=b42h,0
https://docs.google.com/pricing?ref=vsqa,0
https://shop.instagram.com/login?ref=wtg1,0
https://whatsapp-4ndv-dxdf-secure-yv2vp.info/login/verify,1
https://docs.ebay.com/about,0
https://paypal-4x76-bt3p-secure-7otb8.top/login/verify,1
https://ebay-confirm-secure.club/session,1
https://blog.reddit.com/docs/api,0
https://apple.com/docs/api,0
https://blog.linkedin.com/docs/api,0
http://114.128.106.69/suspend.php,1
https://blog.zoom.us/account,0
http://paypal-signin.tk/session,1
https://www.airbnb.com/docs/api,0
http://gtbank-jyz8-xuku-8nia-rn4f-secure-afmar.xyz/login/verify,1
https://wordpress.com,0
http://lrlwp47lz0o1.ml,1
https://chase.com@8qix43ir.ga,1
https://id.trello.com/settings,0
https://support.nytimes.com/about?ref=c5rq,0
http://instagram.com@ktjypzrz.cf,1
https://www.paypal.com/?ref=zv46,0
https://chase-itub-xts0-secure-ni4gy.info/login/verify,1
http://ya0o1xqovgp.info,1
http://amlzon-update.info,1
https://notion.so,0
https://blog.booking.com,0
https://coinbase.com/login?ref=iy5p,0
https://www.spotify.com/about,0
http://google.com@dtbxt6ye.cf,1
http://paypal-verify-signin.info/session,1
https://support.accessbankplc.com/login,0
https://www.shopify.com/settings,0
http://netflix.com@drke1f1w.cf,1
http://google-c9g6-q62r-secure-yx4mi.info/login/verify,1
https://www.accessbankplc.com/pricing,0
http://gtbank.com@io2f2nat.ml,1
http://2ykcd3i4.cf,1
https://blog.slack.com/about?ref=cedq,0
http://ottxt1b1.xyz,1
http://whatsapp-05g0-0r5y-52pd-secure-efy6f.cf/login/verify,1
https://shop.linkedin.com/docs/api?ref=acos,0
https://netflix.com@oqkv0n4h.gq,1
https://blog.accessbankplc.com/settings,0
https://blog.coinbase.com,0
http://microsoft.com@dlqh1cv2.tk,1
http://ttkyxadhi.work,1
https://shop.booking.com/settings,0
https://www.zenithbank.com/,0
http://1o67u61o85vo.info,1
http://instaram-verify.tk,1
http://facebook.com@pu8hn8xz.top,1
https://shop.dropbox.com,0
https://docs.wikipedia.org/settings,0
https://id.zenithbank.com/products?ref=kipu,0
https://shop.apple.com/settings?ref=krlc,0
https://instagram.com?ref=2hvn,0
https://2dtbzxm.work,1
http://insktagram-update.work,1
http://whatsapp-banking.top/session,1
https://accounts.amazon.com/about,0
http://appple-login.xyz,1
http://facebook-w0md-zanc-secure-ektje.club/login/verify,1
http://8iqwfjrbnv.xyz,1
https://www.gtbank.com?ref=hfu4,0
http://fpdou0ze3ln.gq,1
https://coinbase-qe4x-1uwr-secure-v3ch1.gq/login/verify,1
http://google-wd8u-b1v4-akxk-secure-lqw3b.ga/login/verify,1
https://shop.github.com/account,0
https://shopify.com/help?ref=m32w,0
http://google.com@mabl30x0.club,1
http://161.208.189.62/account.php,1
http://131.170.234.227/verify.php,1
https://id.yahoo.com/account?ref=a8db,0
https://blog.zenithbank.com/account,0
http://ebay.com@cy9pe0hd.gq,1
https://accounts.netflix.com/login,0
https://whatsapp-8or9-f5iv-secure-6zp1w.gq/login/verify,1
https://eay-secure.gq,1
https://www.quora.com/products,0
https://shopify.com/account,0
https://id.microsoft.com?ref=xggo,0
http://0u7frzud1l.tk,1
https://accounts.zenithbank.com/pricing,0
https://cnn.com/login,0
https://chase.com@kfu3f4k1.cf,1
http://204.152.217.164/login.php,1
http://ebay.com@qxr2cs16.club,1
http://linkedin.com@8oveuur6.ga,1
https://chase-ua4d-qxin-secure-7273j.tk/login/verify,1
https://14.236.140.120/alert.php,1
http://facebook-oh59-g5hg-5ugh-secure-qkjnz.xyz/login/verify,1
http://facebook.com@39zobzou.gq,1
https://accounts.coinbase.com/pricing,0
https://mail.reddit.com/help,0
http://instagram-banking-suspend.work/session,1
https://support.amazon.com/pricing?ref=kjfp,0
https://accounts.zoom.us?ref=q3k8,0
http://ebay-update.work/session,1
http://netfliX-account.ga,1
https://mail.coinbase.com,0
http://linkedin-ox2n-5zan-eo9v-secure-swjfi.tk/login/verify,1
http://a9w4k7u.top,1
http://mrcrosoft-alert.net,1
http://25.178.191.80/confirm.php,1
https://mail.facebook.com/help?ref=x1cq,0
https://ebay.com@hapm4yqz.work,1
https://176.134.72.195/update.php,1
https://mail.paypal.com,0
http://netflix.com@e6swyu2r.top,1
https://shop.medium.com/help?ref=a7fy,0
https://accounts.coinbase.com/help,0
https://whatsapp.com@irl481xl.tk,1
http://2eizg1na.club,1
http://instagram-octs-4ro8-93en-vrjq-secure-srk58.cf/login/verify,1
https://5x6g2krt4.tk,1
http://230.89.246.105/verify.php,1
https://22.56.209.132/confirm.php,1
https://docs.nytimes.com/about,0
https://coinbase.com/help,0
http://instagram-secure.ml/session,1
https://shop.coinbase.com/,0
https://amazon.com/pricing,0
https://id.stackoverflow.com/,0
https://www.instagram.com/account,0
https://www.paypal.com/account,0
https://docs.stackoverflow.com/help,0
https://jsi3uduur.work,1
https://docs.facebook.com/pricing,0
http://chase-bzga-zni3-7zcg-secure-6yg62.tk/login/verify,1
https://airbnb.com/products,0
http://google.com@z1lk4ktc.xyz,1
https://id.salesforce.com/settings?ref=nf87,0
http://instagram-dyf7-bnd1-secure-bwidf.ga/login/verify,1
http://chfse-signin.info,1
http://whatsapp.com@y4akl7xz.work,1
http://xxgx57zkvnij.work,1
https://amazon-2t5w-oqdn-secure-iuvwl.work/login/verify,1
https://www.dropbox.com/account,0
http://9bxlsogwi.tk,1
https://shop.wordpress.com/login,0
https://accounts.medium.com/pricing?ref=0dww,0
http://amazon-0932-jky5-secure-rg6ia.top/login/verify,1
https://blog.wikipedia.org,0
http://amazon-alert.club/session,1
http://instagram.com@f10ljrni.ml,1
http://paypad-signin.com,1
http://google-suspend-update.tk/session,1
https://support.wikipedia.org/settings,0
https://eeazvw7njkh.work,1
https://support.bbc.com/pricing,0
https://support.coinbase.com/products?ref=ytxw,0
https://t8hjk0x.top,1
https://blog.trello.com/about,0
https://mail.zenithbank.com/docs/api,0
http://19.138.204.2/secure.php,1
https://blog.cnn.com/,0
https://www.stackoverflow.com/about?ref=pgvv,0
https://nytimes.com/products,0
http://3.41.64.109/secure.php,1
https://eBay-update.work,1
https://netfix-signin.info,1
http://coinbase-alert-secure.top/session,1
https://docs.github.com/products,0
https://mail.trello.com/,0
https://id.zenithbank.com/settings,0
https://chase.com@n3ke9ouj.work,1
http://paypal-alert-verify.work/session,1
https://id.accessbankplc.com/products?ref=gp15,0
https://facebook.com@4rwgkg5k.cf,1
https://docs.figma.com/help?ref=b6p8,0
http://gtbankk-secure.ga,1
https://coinbase-secure.tk/session,1
http://apple-login-verify.xyz/session,1
http://u6syvu.work,1
https://whatsapp.com/products,0
http://apple.com@piclks44.xyz,1
http://apple-confirm-update.cf/session,1
https://www.shopify.com/?ref=vn1x,0
http://exyb8z8.club,1
https://Microsoft-login.net,1
https://blog.bbc.com/help,0
https://docs.trello.com/settings,0
https://ebay.com@6ap3vgvf.cf,1
https://github.com/products?ref=8wj0,0
https://mail.bbc.com/pricing,0
https://support.notion.so/about,0
https://blog.paypal.com/help,0
http://gOogle-banking.tk,1
http://paypal.com@avk658ov.ga,1
https://google.com@09sgwn0m.top,1
https://github.com/account?ref=n7yj,0
https://muhjqmqu4.cf,1
https://paypal.com@ez662pqz.work,1
http://105.238.131.207/verify.php,1
https://d1rznnwxss.gq,1
http://facebook-signin.club/session,1
http://136.184.177.230/login.php,1
http://coinbase-i3o6-gil6-dtxl-jk85-secure-f9byi.gq/login/verify,1
https://coinbase.com/products,0
https://bcpla8.gq,1
https://google-signin-banking.info/session,1
https://10.129.93.107/login.php,1
https://shop.figma.com/help,0
https://mail.linkedin.com/about,0
https://www.dropbox.com/account?ref=dc5t,0
https://accounts.salesforce.com,0
https://shop.yahoo.com/settings,0
http://a50bg5m61i.club,1
http://71.2.2.14/signin.php,1
https://docs.twitter.com/pricing?ref=9jj0,0
https://nytimes.com/,0
https://mail.slack.com/docs/api?ref=kg4w,0
https://gtbank-alert.ml/session,1
https://f1up4p.cf,1
https://linkedin.com,0
http://instagram.com@kjs08rwq.ml,1
http://193.251.244.69/login.php,1
https://www.zenithbank.com/help,0
http://105.18.222.216/account.php,1
https://accounts.instagram.com/help,0
http://apPle-login.ga,1
https://blog.reddit.com/about,0
https://support.wikipedia.org/products,0
https://coinbase-account.cf/session,1
https://35.11.145.224/account.php,1
https://180.223.14.1/suspend.php,1
http://171.213.22.136/confirm.php,1
http://s3gof2nn.gq,1
http://chase-uq0r-0g6h-qhux-secure-q11zo.gq/login/verify,1
https://blog.google.com/help?ref=itmo,0
https://www.apple.com/?ref=a7d0,0
https://support.zenithbank.com/products,0
https://apple-signin-suspend.club/session,1
https://nytimes.com/about,0
http://pple-confirm.work,1
https://blog.booking.com/products,0
https://www.gtbank.com?ref=3pqk,0
https://110.101.75.48/signin.php,1
https://shop.netflix.com,0
http://microsoft-signin-login.cf/session,1
https://mail.chase.com/help,0
https://chase-cx8a-e0jx-yo6h-secure-n1k9y.ga/login/verify,1
https://57.2.253.210/signin.php,1
http://37.208.155.35/login.php,1
https://blog.yahoo.com/pricing,0
http://138.155.59.244/update.php,1
https://accounts.ebay.com/docs/api,0
https://shop.chase.com/about,0
https://mail.accessbankplc.com/account?ref=0v5d,0
https://linkedin.com@g8hzmvyd.club,1
http://chase-alert.work/session,1
https://blog.dropbox.com/docs/api,0
https://shop.shopify.com/help,0
https://208.9.177.226/secure.php,1
https://id.stackoverflow.com/about,0
https://coinbase-ga2s-ytmx-bv9m-dpoa-secure-ppmbl.ga/login/verify,1
https://shop.stackoverflow.com/,0
http://59.132.252.26/banking.php,1
https://support.gtbank.com/about,0
https://id.linkedin.com/,0
https://yahoo.com/settings,0
http://amazon-zoo0-ahwy-secure-pace2.club/login/verify,1
https://apple-signin-alert.xyz/session,1
https://114.106.195.78/secure.php,1
http://6flvywapke.work,1
https://blog.figma.com/,0
http://iacebook-signin.com,1
https://32rgwhgxmd7.info,1
https://shop.reddit.com/pricing,0
https://support.ebay.com,0
https://amazon-account.xyz/session,1
https://id.zenithbank.com,0
https://shop.accessbankplc.com/?ref=mft1,0
http://76nfcqml8qqz.ga,1
https://95.44.78.224/secure.php,1
http://gtbank-vwas-1udj-secure-2a84n.top/login/verify,1
https://accounts.facebook.com/settings,0
https://accounts.github.com/account,0
https://www.accessbankplc.com/products,0
https://blog.shopify.com/products?ref=6oxq,0
https://shop.github.com,0
https://www.salesforce.com,0
https://twitter.com/settings,0
http://azhxdo3gtx.club,1
https://accounts.yahoo.com/pricing?ref=zg52,0
http://linkedvin-signin.cf,1
https://mail.apple.com/help,0
https://accounts.accessbankplc.com/account,0
https://shop.gtbank.com/about?ref=pkav,0
http://linkedin-1erk-0vf6-16d3-cv0l-secure-w4633.ml/login/verify,1
https://s0q7oc0q.top,1
https://mail.wikipedia.org/account?ref=8kix,0
https://google-banking.top/session,1
https://support.chase.com,0
https://id.microsoft.com/docs/api,0
https://instagram-alert.work/session,1
http://hd7wg11s.xyz,1
http://whatsapp-login-alert.club/session,1
https://id.instagram.com/about,0
http://gooole-secure.tk,1
https://blog.amazon.com,0
https://www.slack.com,0
http://microsoft-ky7t-xece-98j6-zrzq-secure-6vmjo.top/login/verify,1
https://gtbank.com/help,0
http://ebay-signin.ga/session,1
https://mail.wikipedia.org/help,0
https://blog.whatsapp.com/settings,0
http://yid4vjo.gq,1
https://mail.ebay.com/account?ref=8dal,0
https://mail.bbc.com/account,0
https://amazoon-secure.info,1
https://docs.apple.com/help,0
https://slack.com/settings,0
https://blog.github.com/about,0
https://support.gtbank.com/help,0
https://shop.wordpress.com/docs/api,0
https://chase.com@7nwuqiq9.work,1
https://id.github.com/docs/api?ref=rkmb,0
http://paypal.com@xc4vnibl.cf,1
https://amazon.com@ajltorc2.club,1
http://whatsapp.com@y0qnv4f0.club,1
https://mail.dropbox.com/docs/api,0
https://id.microsoft.com/products?ref=p4m1,0
https://mail.quora.com?ref=smpf,0
https://docs.instagram.com/settings,0
https://microsoft.com@nhymafcb.ml,1
https://accounts.twitter.com/pricing,0
https://mail.accessbankplc.com/pricing,0
https://docs.stackoverflow.com,0
https://blog.airbnb.com/account,0
http://amazon.com@amts7ynx.gq,1
http://41.73.218.55/verify.php,1
http://apple.com@xqd66bx0.info,1
http://135.157.187.203/alert.php,1
http://8.147.116.201/account.php,1
https://mail.apple.com/help?ref=dtjv,0
http://ebay.com@irio74jl.club,1
https://accounts.chase.com/help,0
http://196.81.157.18/signin.php,1
https://ebay.com@eq3o6j8l.work,1
https://www.bbc.com/login,0
http://netflix-login.tk/session,1
https://35.182.223.206/secure.php,1
http://netflix-verify-suspend.ga/session,1
https://accounts.gtbank.com/settings?ref=k9rx,0
https://linkedin-suspend-banking.cf/session,1
http://hdo61xn8dk.info,1
https://id.chase.com/,0
https://id.yahoo.com/,0
https://accounts.nytimes.com/about,0
https://242.130.133.34/update.php,1
http://chasE-account.work,1
https://amazon-ddep-tlt0-5uq9-gyns-secure-117r1.tk/login/verify,1
https://accounts.zoom.us?ref=npx2,0
http://google-signin.info/session,1
http://nettflix-verify.gq,1
https://id.chase.com,0
https://www.twitter.com?ref=rhnx,0
https://mail.spotify.com/docs/api?ref=q10f,0
https://paypal.com@or7aau76.club,1
http://cno3feuy5bf.cf,1
https://blog.booking.com/docs/api,0
http://197.194.195.11/suspend.php,1
https://docs.linkedin.com/about?ref=4f2k,0
https://docs.shopify.com/products,0
https://mail.nytimes.com/settings,0
https://facebook.com@6cwe6jrv.gq,1
https://paypal-jm2g-k9jy-fdmo-wihy-secure-sk0nl.tk/login/verify,1
https://21.67.162.194/signin.php,1
https://docs.zoom.us/pricing,0
https://nytimes.com/account,0
https://docs.amazon.com/help?ref=o0vy,0
https://shop.slack.com/help,0
https://accounts.medium.com/docs/api,0
https://gtbanK-verify.ga,1
https://facebook.com/login,0
https://shop.whatsapp.com,0
https://shop.microsoft.com/help,0
https://google-2k5c-3z6j-5q1d-7xyl-secure-ow37g.gq/login/verify,1
http://chasse-update.club,1
http://chhase-secure.tk,1
https://apple.com/account,0
http://microsoft-alert.cf/session,1
http://coinbbase-suspend.cf,1
https://www.stackoverflow.com/pricing,0
https://blog.netflix.com/pricing?ref=fqxl,0
http://9xox3ms.xyz,1
https://shop.notion.so,0
http://google-secure.club/session,1
https://support.airbnb.com/account,0
http://netflix-e74a-dd0g-n7rv-xq51-secure-ashez.work/login/verify,1
https://blog.figma.com/about,0
https://accounts.microsoft.com/pricing,0
http://faccebook-secure.tk,1
http://instagram-zy7e-skza-dbs9-secure-pttxw.ml/login/verify,1
http://6cbc5tn.gq,1
http://177.174.2.223/account.php,1
https://linkepin-update.work,1
http://9v9j2fu.cf,1
https://id.airbnb.com/,0
http://instagram.com@pavajimm.xyz,1
http://netflIx-banking.tk,1
https://linkedin.com/settings,0
https://shop.github.com?ref=d20j,0
http://microsoft-account-verify.xyz/session,1
https://linkedin.com@b6x6tws7.ml,1
http://74v5dm5nq.top,1
https://whatsapp-verify-banking.ml/session,1
https://id.nytimes.com/account?ref=09zg,0
https://shop.amazon.com/products,0
https://accounts.linkedin.com/products,0
http://sjvbc82sg0.xyz,1
https://id.apple.com/settings?ref=8v9z,0
http://2v27nls4.club,1
https://shop.accessbankplc.com/help,0
https://blog.linkedin.com/products,0
http://instagram.com@3w1k2ubp.tk,1
http://apple-login-banking.work/session,1
http://instagram-signin.club/session,1
https://blog.google.com/account?ref=dqdw,0
https://spotify.com,0
https://docs.yahoo.com/docs/api,0
https://linedin-suspend.xyz,1
http://229.74.208.115/banking.php,1
https://quora.com/docs/api,0
https://support.apple.com/settings,0
http://145.62.108.240/update.php,1
http://3qg5opko.info,1
https://id.shopify.com/help,0
https://support.cnn.com,0
https://whatsapp.com,0
https://docs.coinbase.com/,0
http://instagram-8i5y-ilyx-yemu-9q9v-secure-w3paj.ml/login/verify,1
http://amazon.com@ih0nogze.top,1
https://trello.com/login,0
http://5ezs96kw.work,1
https://aple-update.info,1
https://www.booking.com/about,0
https://www.shopify.com,0
https://id.shopify.com/products,0
https://figma.com/,0
http://netflix.com@nl4j1of2.club,1
http://204.26.151.34/secure.php,1
http://gtbank-dv4e-ehrd-wrkq-yuyq-secure-74ahj.info/login/verify,1
https://mail.amazon.com/help,0
http://awpple-banking.com,1
https://shop.gtbank.com/pricing,0
https://id.cnn.com/about,0
http://akazon-signin.ga,1
https://mail.cnn.com/help,0
https://blog.bbc.com/account,0
https://id.yahoo.com/products,0
http://chhase-secure.ml,1
https://shop.chase.com/docs/api,0
http://coinbase-secure-account.ml/session,1
https://chase.com/pricing?ref=dtoh,0
https://accounts.linkedin.com/docs/api,0
https://accounts.shopify.com/login,0
http://21.187.189.207/verify.php,1
https://support.yahoo.com/login,0
https://accounts.instagram.com?ref=188e,0
https://accounts.microsoft.com/docs/api?ref=rsg7,0
https://www.quora.com/login,0
https://support.paypal.com/docs/api,0
https://id.wikipedia.org/pricing?ref=1zpp,0
http://ebacy-verify.club,1
https://gtbank-lwl0-tqft-secure-cgfx3.ga/login/verify,1
https://id.booking.com/products,0
https://shop.accessbankplc.com/pricing,0
https://www.linkedin.com?ref=m2va,0
https://apple.com/?ref=01ar,0
https://accounts.wordpress.com/help?ref=64sk,0
http://nu4h6fq.ga,1
https://www.amazon.com/settings,0
https://shop.quora.com/pricing,0
https://slack.com,0
https://8mqvfl.ga,1
https://netflix-secure.club/session,1
http://amazon-login-account.info/session,1
https://id.microsoft.com/about,0
https://h6yhxhi7.ml,1
https://shop.quora.com/help,0
https://support.reddit.com/login?ref=l9ot,0
http://gooogle-alert.cf,1
https://docs.cnn.com/account,0
http://istagram-secure.club,1
https://airbnb.com/login,0
https://support.quora.com/docs/api,0
https://cnn.com/settings,0
http://apple.com@cl4h9dat.top,1
https://169.142.52.206/banking.php,1
https://www.nytimes.com/docs/api?ref=zdmm,0
https://www.apple.com/login,0
https://support.yahoo.com/pricing,0
http://40.75.52.225/signin.php,1
https://support.airbnb.com,0
https://shop.zenithbank.com/help,0
https://ebwy-account.xyz,1
https://shop.microsoft.com/products,0
http://gtbank-igg4-8ftl-t7pa-46iw-secure-uv48p.xyz/login/verify,1
https://support.quora.com/help,0
http://amazon-secure-account.xyz/session,1
http://41.213.153.137/suspend.php,1
http://netflix.com@1i3661l0.gq,1
https://accounts.wordpress.com/?ref=6vas,0
https://shop.reddit.com/login,0
http://ewbay-update.cf,1
http://Microsoft-confirm.tk,1
http://instagram.com@mfqtndy6.ga,1
http://28.1.250.20/update.php,1
https://microsoft-login-banking.cf/session,1
http://150.49.147.18/secure.php,1
https://id.booking.com,0
https://accounts.facebook.com/account,0
https://netflix-verify-account.club/session,1
https://support.yahoo.com/about,0
https://blog.twitter.com/?ref=yspe,0
https://www.figma.com/about,0
https://id.facebook.com/pricing,0
https://whatsapp-login.xyz/session,1
http://164.83.218.6/account.php,1
http://microsoft-verify-suspend.tk/session,1
https://www.reddit.com,0
https://docs.reddit.com/settings,0
http://paypall-banking.top,1
https://shop.figma.com/settings,0
https://20.29.134.25/alert.php,1
http://ndjm5g.cf,1
https://accounts.chase.com/settings,0
https://support.gtbank.com/login,0
https://linkedin.com@4267yurn.work,1
http://gtbank.com@ta7d589t.top,1
http://coinbase-53iq-quol-gqe6-secure-7wmfp.tk/login/verify,1
https://id.linkedin.com/docs/api,0
https://booking.com/,0
https://www.chase.com/about,0
http://apple-cl12-s67j-qoq0-secure-tgxy7.ga/login/verify,1
https://id.gtbank.com/docs/api,0
http://chase-verify.info/session,1
https://blog.netflix.com/settings,0
https://docs.chase.com/login,0
http://apple.com@xh4zuz0p.gq,1
http://kaoza48u.gq,1
https://id.linkedin.com/help,0
http://paypal-alert-confirm.info/session,1
https://www.yahoo.com/account,0
http://3lifnc.info,1
http://facebozok-account.tk,1
https://blog.medium.com,0
https://shop.wikipedia.org/about?ref=mmmx,0
https://chas-banking.gq,1
http://3b0hxz8y.ml,1
https://id.bbc.com/settings,0
https://reddit.com/help,0
https://www.zoom.us/products?ref=d1lq,0
https://www.shopify.com/docs/api,0
https://id.bbc.com/pricing,0
https://www.reddit.com/account?ref=hg6w,0
https://id.paypal.com/about,0
http://google-confirm.club/session,1
https://phafarciod.ml,1
https://shop.cnn.com/login,0
https://support.zoom.us/account,0
http://tk7s1oq.top,1
http://paypal-1qpi-gn2u-secure-966wq.info/login/verify,1
http://appLe-login.ga,1
http://q4jqhn49m.tk,1
http://whatsapp.com@cq5ah9og.tk,1
https://shop.netflix.com/products,0
https://id.figma.com/docs/api,0
https://167.78.64.108/signin.php,1
https://mail.shopify.com/help,0
https://accounts.amazon.com/login,0
http://instagam-signin.top,1
https://blog.notion.so/login,0
https://shop.instagram.com/settings,0
http://253.240.113.140/login.php,1
https://accounts.bbc.com/pricing?ref=objl,0
https://121.252.219.168/login.php,1
https://id.gtbank.com/pricing,0
https://apkle-verify.ga,1
https://id.zenithbank.com/help,0
https://medium.com/,0
https://mail.instagram.com/about,0
https://support.chase.com/login,0
http://56pnbxu6o.top,1
https://www.github.com/about?ref=ktr1,0
https://www.stackoverflow.com/docs/api,0
https://hatsapp-banking.ga,1
http://184.228.77.206/banking.php,1
http://95h36pcg.gq,1
https://www.microsoft.com/login,0
https://github.com/login,0
http://amazon-login.ga/session,1
https://support.figma.com/login,0
https://127.140.147.250/confirm.php,1
https://mail.github.com/about,0
https://blog.slack.com/help,0
http://whatsapp-login.tk/session,1
http://instagram-signin-banking.ml/session,1
https://www.whatsapp.com/docs/api,0
http://208.17.240.182/banking.php,1
https://support.google.com/login,0
https://mail.airbnb.com/about,0
http://google-update-login.cf/session,1
https://www.accessbankplc.com/login,0
http://gtbank-mjop-pril-udqd-secure-od6ih.top/login/verify,1
https://cnn.com/account?ref=n14e,0
http://coinbAse-suspend.net,1
http://zbm8pe4.xyz,1
http://amazon-seqv-6raj-secure-j0f53.info/login/verify,1
https://www.spotify.com/settings,0
https://mail.quora.com/account,0
http://google.com@ynit38cx.ml,1
http://paypal-login-account.info/session,1
https://facebook-1ilh-ao2p-oz4x-v87u-secure-s1kwq.ga/login/verify,1
https://accounts.spotify.com/settings,0
http://amazon-ylhg-o1kp-2gvp-secure-j00vm.cf/login/verify,1
https://spotify.com/products,0
https://accounts.ebay.com/settings,0
https://facebook.com@lzkwe9cz.club,1
https://docs.spotify.com/docs/api,0
http://whatsapp-895t-x69v-a98b-secure-p43fw.xyz/login/verify,1
https://id.trello.com/pricing,0
https://mail.salesforce.com/about?ref=c2ex,0
https://support.facebook.com/about,0
https://mail.trello.com,0
http://netflixx-verify.info,1
https://chase.com@qfs7glb8.xyz,1
http://80u10kw.tk,1
http://apple.com@8u4f5y7g.ml,1
https://docs.facebook.com/settings?ref=5xw6,0
https://accounts.dropbox.com/,0
https://whatsapp.com@ksbwtsmc.ga,1
https://support.zoom.us/products,0
https://blog.amazon.com/about,0
http://whatsapp-wu1i-7xxe-secure-upbbb.info/login/verify,1
http://ebay.com@7cuwb3es.cf,1
http://26.171.32.200/alert.php,1
http://b9ndxsschj31.top,1
https://figma.com/help,0
https://xwi7084l9.ga,1
https://support.nytimes.com/pricing,0
http://linkedin-0rbf-vtm6-secure-u1nvm.gq/login/verify,1
http://88.178.108.232/update.php,1
https://support.github.com,0
http://234.238.219.244/signin.php,1
https://apple-banking.info/session,1
https://mail.bbc.com/about,0
http://coinbbase-login.cf,1
https://medium.com/docs/api,0
https://accounts.paypal.com/login?ref=43e7,0
https://id.ebay.com/help,0
http://ebay-fkc7-81hf-secure-lxuii.xyz/login/verify,1
https://support.google.com,0
http://253.114.166.116/alert.php,1
https://accounts.chase.com/docs/api,0
https://docs.wordpress.com/docs/api,0
https://support.salesforce.com/pricing,0
http://facebook.com@mjmbfoge.work,1
https://nytimes.com,0
https://mail.twitter.com,0
http://facebqok-login.xyz,1
https://docs.stackoverflow.com/settings,0
https://shop.github.com/pricing,0
https://id.ebay.com/about?ref=d4xd,0
https://0dl4ycpu.work,1
https://254.175.7.195/update.php,1
https://docs.trello.com/docs/api,0
http://linkedin-x64b-iw8u-secure-sif6d.top/login/verify,1
https://198.132.151.157/banking.php,1
https://docs.chase.com/help,0
http://coinbase.com@i5cqkp9x.tk,1
http://whatsapp-qunf-57vh-secure-d3ls1.xyz/login/verify,1
https://notion.so/about,0
https://support.adobe.com/about,0
https://shopify.com,0
https://ebay-suspend-verify.work/session,1
https://amazon.com@otwsj57z.info,1
https://docs.yahoo.com/settings,0
https://id.yahoo.com/docs/api,0
http://amazon.com@cvrsvh4g.cf,1
https://support.coinbase.com/settings?ref=mldq,0
http://coinase-suspend.net,1
https://mail.zenithbank.com/settings?ref=9yo1,0
https://gooogle-confirm.info,1
http://ebay-verify-confirm.cf/session,1
https://id.paypal.com/docs/api,0
https://mail.trello.com/about?ref=vg7o,0
https://shop.yahoo.com/login?ref=nqy0,0
https://apple-yx02-w1ar-vyxt-uyl0-secure-e2s9j.tk/login/verify,1
http://221.169.175.55/update.php,1
http://132.145.203.117/secure.php,1
https://facebook-l0ai-hegy-ircq-1hux-secure-o3u56.tk/login/verify,1
https://accounts.quora.com/?ref=j8x2,0
https://chase.com@auneo5ch.xyz,1
https://docs.shopify.com/about,0
http://netflix-alert-suspend.ga/session,1
https://docs.wikipedia.org/account?ref=03no,0
https://2e077u5.ml,1
http://amazon-secure-alert.gq/session,1
http://instagram.com@64mgj78j.top,1
https://support.trello.com/docs/api?ref=o2zt,0
https://mail.coinbase.com/login,0
https://facebook.com@00g9e07p.xyz,1
http://coiniase-secure.xyz,1
http://gtbanzk-confirm.top,1
https://support.shopify.com/login,0
http://gtbank-login.tk/session,1
https://mail.instagram.com/products,0
https://amazon-i32b-s5my-gknd-r07v-secure-vclho.top/login/verify,1
https://ebay.com@dwn717yw.tk,1
https://mail.stackoverflow.com?ref=xlkk,0
https://shop.spotify.com/help,0
http://1xsn66.info,1
https://docs.spotify.com/?ref=mtmy,0
http://apple-fdto-62py-pr1m-uyrp-secure-mvw0n.gq/login/verify,1
https://docs.figma.com/settings,0
http://gtbank-nvkb-jn7f-secure-cqefr.ml/login/verify,1
http://apple-q5px-lgfw-mvyt-secure-urizr.club/login/verify,1
https://mail.microsoft.com/login?ref=ea84,0
http://google-secure-banking.top/session,1
https://mail.netflix.com/help,0
https://blog.salesforce.com/account,0
https://accounts.twitter.com/about?ref=rvt9,0
https://178.95.152.120/login.php,1
https://accounts.google.com/account,0
http://coisnbase-banking.com,1
http://coinbase.com@5v320sxn.work,1
http://apple.com@sn1tcjfc.top,1
http://q44dvvpgb8.cf,1
https://28.15.241.77/secure.php,1
https://shop.cnn.com/about,0
http://neflix-confirm.gq,1
http://netflix-verify.club/session,1
https://apple-y1gq-ff55-secure-hdqmk.ml/login/verify,1
http://ebay.com@yypq7a4f.info,1
https://accounts.spotify.com/account,0
https://accounts.airbnb.com/help,0
https://docs.figma.com,0
https://support.chase.com/account,0
https://netflix-verify.ga/session,1
https://id.apple.com/account,0
https://apple.com/login,0
http://chase-crho-7azp-secure-ox5df.xyz/login/verify,1
http://0mmbbsu04w4.gq,1
https://trello.com/about?ref=7qne,0
https://blog.booking.com/login,0
http://netflix-a94d-8xer-secure-88nv6.ga/login/verify,1
https://google-plq4-w7ju-gkze-secure-q403i.club/login/verify,1
http://114.224.151.172/login.php,1
https://224.200.1.118/signin.php,1
https://tqv9ob.info,1
https://netflix-verify-alert.xyz/session,1
https://chase.com@7p7q4zd6.tk,1
http://79.155.179.192/confirm.php,1
https://2vs01wxpxn2t.ga,1
https://shop.shopify.com/,0
http://122.198.101.89/login.php,1
https://docs.reddit.com/docs/api,0
http://apple.com@5n2r9lm8.cf,1
http://chase-xx2n-2sua-5m4e-secure-wrpx7.top/login/verify,1
https://id.airbnb.com/about,0
https://id.cnn.com/,0
http://dz8ftmjn.gq,1
http://netflix-account.info/session,1
https://shop.medium.com/login?ref=09lz,0
http://google-aa70-tgo5-awlg-itiz-secure-tfp3g.xyz/login/verify,1
https://254.172.107.61/banking.php,1
https://accounts.wordpress.com/products,0
https://support.slack.com/pricing,0
http://coinbase-2bvx-ejax-secure-i1t3u.work/login/verify,1
https://docs.spotify.com/?ref=gs6e,0
https://whatsapp-g1ho-g8ev-2nyn-secure-4jxa2.xyz/login/verify,1
http://31.225.173.229/alert.php,1
https://google.com@em9iuyz9.club,1
https://shop.github.com/settings?ref=jgub,0
https://blog.chase.com,0
https://linkedin-r3v6-n2xv-y3o3-lj0n-secure-4z78i.info/login/verify,1
http://facebook-account.tk/session,1
https://www.chase.com/login?ref=kof9,0
https://www.nytimes.com/pricing,0
https://blog.facebook.com/,0
http://whatsapp-login-update.work/session,1
https://support.microsoft.com/login,0
https://accounts.paypal.com/login,0
https://support.slack.com/login,0
https://quora.com/help?ref=ycw8,0
https://facebook.com@y93pomv7.xyz,1
http://ebay.com@pn5mrdpm.tk,1
http://apple-login-signin.top/session,1
https://www.yahoo.com/products,0
https://accounts.nytimes.com/pricing,0
https://shop.trello.com,0
https://mail.slack.com/about,0
https://accessbankplc.com/pricing,0
http://65.207.223.86/alert.php,1
https://docs.gtbank.com/products,0
https://accounts.twitter.com/products,0
https://chase-update-signin.work/session,1
https://accounts.twitter.com/products?ref=l2b2,0
https://accounts.zenithbank.com/,0
http://instagram-vd1z-odxr-k6c2-secure-hwe2c.gq/login/verify,1
https://mail.gtbank.com/account,0
http://coinbase.com@5xl6v337.info,1
https://docs.airbnb.com/login,0
https://id.gtbank.com/pricing?ref=kvuf,0
http://bupmtxq.gq,1
https://blog.instagram.com/docs/api,0
https://shop.accessbankplc.com/products,0
https://blog.instagram.com/account,0
http://236.23.243.74/secure.php,1
https://www.spotify.com/pricing,0
https://docs.coinbase.com/settings,0
http://pAypal-secure.info,1
https://support.zenithbank.com/about,0
http://microsoft-update-signin.top/session,1
https://ebay-v0hx-ef73-secure-cglck.ga/login/verify,1
https://ebay.com@jc3mzwty.cf,1
http://gtbank-0hrl-iagp-34sl-qgbu-secure-j1yof.xyz/login/verify,1
https://blog.figma.com/settings,0
https://id.gtbank.com/settings?ref=shb0,0
http://instagram-login.gq/session,1
https://www.notion.so,0
https://docs.airbnb.com/products,0
https://id.wordpress.com/pricing,0
https://id.twitter.com/about,0
https://coinbase-login-secure.club/session,1
https://accounts.adobe.com/?ref=c2jw,0
http://ebay-dnqs-amct-xtyh-secure-s2t65.top/login/verify,1
https://chase.com@lifnnt4y.work,1
http://122.15.226.99/suspend.php,1
http://lnkedin-secure.com,1
https://docs.netflix.com/docs/api,0
http://netflix-forp-oklf-43rs-asvi-secure-1vh3j.top/login/verify,1
https://accounts.netflix.com/pricing,0
https://coinbase.com@3t91aay0.tk,1
https://chase.com/,0
http://apple-t9lp-2e2a-soev-gkh2-secure-0cvgf.xyz/login/verify,1
https://www.shopify.com/login,0
http://paypal-verify-update.cf/session,1
https://id.google.com/login,0
https://www.apple.com/products,0
https://coinbase.com,0
https://linkeuin-secure.net,1
https://id.shopify.com/login,0
https://instagrm-update.top,1
https://mail.wikipedia.org/pricing?ref=8a54,0
https://apple-6h2w-jmfb-secure-k3bdg.work/login/verify,1
https://docs.adobe.com/pricing,0
http://phomo7rn7.work,1
http://microsoft.com@rrntylvv.xyz,1
https://mail.apple.com/docs/api,0
https://accounts.zoom.us,0
http://coinbase-secure-suspend.xyz/session,1
https://id.medium.com/about,0
http://netflix-kpvi-ddy0-secure-po738.xyz/login/verify,1
https://support.ebay.com/login?ref=h4sp,0
https://stackoverflow.com/products,0
http://bdud8t7d2.club,1
https://blog.slack.com/pricing,0
http://Amazon-signin.ml,1
https://134.86.163.129/confirm.php,1
https://shop.whatsapp.com/account,0
https://blog.medium.com/docs/api,0
http://nsetflix-secure.net,1
https://accounts.instagram.com/?ref=zemq,0
https://mail.airbnb.com/docs/api,0
http://amazon-signin.info/session,1
https://id.github.com/about,0
https://docs.quora.com/products,0
http://netflix-ym31-sk05-secure-0sejo.xyz/login/verify,1
https://id.coinbase.com/about?ref=82em,0
https://113.153.62.230/banking.php,1
https://support.adobe.com/help,0
https://shop.quora.com/account,0
https://quora.com,0
https://accounts.spotify.com/,0
https://linkedin.com/about,0
http://facebook-phu2-xrfn-h671-secure-qw2ne.top/login/verify,1
https://id.airbnb.com/about?ref=tyla,0
https://netflix.com@0e0gzgxr.ml,1
https://accounts.microsoft.com/settings,0
https://www.quora.com/,0
http://232.47.102.110/update.php,1
http://k3a0yq6w51ix.work,1
https://google.com@sx696ghs.gq,1
https://mail.paypal.com/help?ref=yzth,0
http://linkedin-account.club/session,1
http://l2upqv.ml,1
https://id.chase.com/settings?ref=3l2n,0
https://docs.linkedin.com/account,0
http://6080yapig8.top,1
https://accounts.facebook.com/products,0
https://accounts.gtbank.com/login,0
https://blog.notion.so/help,0
http://65.1.111.119/secure.php,1
http://e6ifka.club,1
https://accounts.linkedin.com/settings,0
https://id.chase.com/settings?ref=s8b2,0
https://214.99.5.58/secure.php,1
https://facebook-banking.gq/session,1
https://shop.medium.com/,0
https://amazon-update-banking.club/session,1
https://id.paypal.com/login?ref=gtj5,0
https://microsoft.com@9mbaaxa3.tk,1
http://instagram.com@bmqpjbmw.xyz,1
https://docs.cnn.com/login,0
https://accounts.quora.com/about,0
https://www.dropbox.com/docs/api,0
http://microsoft-account.gq/session,1
https://id.shopify.com,0
https://id.accessbankplc.com/products,0
https://microsoft-alert-suspend.ml/session,1
https://mail.notion.so/login?ref=wjey,0
https://wb42p31ogwrv.ml,1
http://facebok-banking.work,1
http://123.48.132.15/suspend.php,1
https://www.coinbase.com/login,0
http://Amazon-suspend.com,1
https://accounts.notion.so/pricing?ref=9q46,0
https://accounts.airbnb.com/login,0
https://linkedin.com/,0
http://gtbank-confirm-account.xyz/session,1
https://id.google.com/?ref=l9fc,0
http://instagram.com@y6tl71r2.work,1
https://shop.netflix.com/login,0
https://amazon.com@hrx7bnzt.tk,1
http://5j2s2da89.top,1
https://shop.twitter.com/products,0
http://23.51.64.22/confirm.php,1
https://instagram.com@hwn109m2.tk,1
https://4kvfflncc.tk,1
https://applee-secure.ga,1
http://facebook-4l90-fxv2-secure-quho1.info/login/verify,1
https://bbc.com/settings,0
https://whatsapp-alert.xyz/session,1
https://39.108.117.241/secure.php,1
https://www.amazon.com/help,0
http://aapple-verify.net,1
https://id.notion.so/docs/api,0
https://accounts.wikipedia.org/settings?ref=luld,0
https://id.chase.com/login,0
https://www.linkedin.com/docs/api,0
https://51.106.249.65/banking.php,1
https://docs.paypal.com,0
http://facebook.com@c0whs14e.ml,1
http://Ebay-suspend.top,1
https://pu139k.tk,1
https://support.cnn.com/login,0
https://205.150.34.220/secure.php,1
https://www.zoom.us/help,0
http://amazon-alert-login.gq/session,1
https://chase-update-suspend.club/session,1
https://docs.trello.com/settings?ref=wmqx,0
http://ebay-signin.info/session,1
https://adobe.com/account,0
https://amazon.com@8c1am0ih.ml,1
https://docs.nytimes.com/help?ref=ecy2,0
https://www.notion.so/about?ref=kjf4,0
https://netflix-signin.xyz/session,1
https://www.paypal.com/about,0
http://linkedin-signin-update.gq/session,1
https://shop.wordpress.com/products?ref=oq59,0
https://blog.quora.com/docs/api,0
http://paypal-confirm-account.tk/session,1
https://mail.instagram.com/,0
https://mail.reddit.com/docs/api,0
http://netflIx-alert.gq,1
https://id.google.com/about?ref=96qe,0
https://google-signin-banking.work/session,1
https://coinxbase-suspend.tk,1
https://paypal-gjew-vpg6-secure-voqj4.work/login/verify,1
https://mail.booking.com/,0
https://docs.airbnb.com,0
http://google-signin.top/session,1
http://chasae-signin.ml,1
https://blog.bbc.com/pricing,0
http://whatsaapp-login.work,1
http://linkeDin-update.club,1
https://docs.bbc.com/login?ref=wbeb,0
https://netfliex-suspend.com,1
http://q9s7lks518.cf,1
http://3i0gxhc660uj.info,1
http://netfliix-signin.info,1
https://netflix-banking-secure.club/session,1
http://whatsapp-dxj1-7x6x-secure-lhqbr.ml/login/verify,1
http://netflix.com@ukjf8rqc.work,1
https://blog.zenithbank.com/settings,0
https://shop.wordpress.com/account,0
https://accounts.dropbox.com/account,0
http://amazon-dzqi-onb7-secure-5yps8.cf/login/verify,1
http://whatsapp.com@6qbubu37.xyz,1
http://239.65.6.163/suspend.php,1
https://whatsapp.com@y6reg857.tk,1
http://204.94.211.103/update.php,1
http://whatsapp-login-banking.tk/session,1
http://whatsapp-er70-ut10-secure-ba2mt.work/login/verify,1
https://122.27.123.62/login.php,1
http://58.62.3.157/login.php,1
https://docs.slack.com,0
https://paypal-verify-secure.tk/session,1
https://gtbank.com/login?ref=tgdj,0
https://support.medium.com/products?ref=4gh2,0
http://netflix-account-banking.gq/session,1
http://251.252.142.235/banking.php,1
http://124.72.61.113/secure.php,1
https://docs.twitter.com/,0
https://17.242.73.210/confirm.php,1
https://www.twitter.com/login,0
http://paypal-boqc-pl72-secure-jqo1d.work/login/verify,1
https://id.chase.com/pricing,0
https://linkedin.com/account,0
http://linkedin.com@kcmg2k87.tk,1
http://google-secure.work/session,1
https://accounts.salesforce.com/account,0
https://id.ebay.com/about,0
https://shop.cnn.com/help,0
http://gtbank.com@o1f15mr0.work,1
http://s0i9myaridg2.cf,1
https://accounts.slack.com/products,0
http://149.210.219.169/account.php,1
http://linkedin-5wqh-j2ke-gzrr-j2jo-secure-ilkbp.work/login/verify,1
http://204.16.12.76/verify.php,1
https://shop.accessbankplc.com/login,0
http://Netflix-account.top,1
http://gtbank.com@c6zh6du9.top,1
http://google-account-confirm.club/session,1
http://18.128.68.177/confirm.php,1
https://www.instagram.com/settings?ref=mc2r,0
http://jpp8oei975yq.xyz,1
http://zmazon-login.work,1
https://pzypal-verify.info,1
https://ey0pydg1ki17.club,1
https://www.bbc.com/settings,0
http://kcehqo.xyz,1
https://support.apple.com/docs/api,0
http://nstagram-suspend.tk,1
https://docs.accessbankplc.com/help,0
http://facebook-ydvx-vxyi-secure-o46mz.work/login/verify,1
https://www.paypal.com/pricing,0
https://accounts.slack.com/help?ref=e51k,0
https://facebook.com@l5mqt8eg.club,1
https://cnn.com/settings?ref=t873,0
http://txo6we815v.xyz,1
https://149.65.223.188/verify.php,1
https://129.183.53.92/banking.php,1
https://docs.github.com/settings?ref=irmc,0
https://blog.airbnb.com/pricing,0
http://google.com@s98z2n4x.gq,1
https://support.netflix.com/settings?ref=1811,0
http://250.33.96.178/account.php,1
http://ebay.com@8qkki9u0.work,1
http://microsoft-9gnc-tijh-33ic-secure-4tonz.xyz/login/verify,1
https://blog.microsoft.com/settings,0
http://gd5ml5.cf,1
https://www.medium.com/login,0
https://docs.instagram.com/login,0
http://whatsapp-nkio-5b6i-ijps-hoxx-secure-3q26t.tk/login/verify,1
http://gtbank-signin.top/session,1
https://support.nytimes.com,0
https://microsoft.com/about,0
https://netflix.com@oj3m48ng.ml,1
http://apple-signin.gq/session,1
https://coinbAse-suspend.xyz,1
https://www.twitter.com/help,0
https://www.apple.com,0
https://amazon.com@tkluuj7k.ga,1
https://id.reddit.com/,0
https://facebook.com/account,0
http://223.8.247.193/update.php,1
https://blog.medium.com/account?ref=fco3,0
http://apple.com@mklmdh3p.ga,1
http://vhase-account.cf,1
https://id.medium.com/login?ref=0kiv,0
https://blog.notion.so,0
https://95.133.145.189/login.php,1
http://79.69.107.32/banking.php,1
http://ebay.com@komfrq8l.top,1
https://shop.stackoverflow.com/login,0
https://www.quora.com/help,0
https://id.nytimes.com,0
https://apple-update-account.tk/session,1
https://id.apple.com/,0
http://chase-verify-banking.club/session,1
http://instagram-confirm-signin.tk/session,1
https://accounts.zoom.us/help,0
https://shop.wordpress.com/help,0
https://chase-signin.tk/session,1
https://shop.cnn.com/pricing,0
https://amazon.com@vq0bcuc6.tk,1
https://241.245.209.167/alert.php,1
http://9a14350q8o.tk,1
https://shopify.com/?ref=10ur,0
https://www.notion.so/login,0
https://chae-signin.ml,1
http://62.45.186.240/verify.php,1
https://netfliqx-confirm.com,1
https://37.195.147.247/account.php,1
https://mail.quora.com/account?ref=jqig,0
http://nqd7j3h2.work,1
https://coinBase-login.work,1
http://92.244.22.99/confirm.php,1
http://google-8h7q-uvcy-secure-2ubat.tk/login/verify,1
http://241.231.215.172/suspend.php,1
https://sebay-verify.gq,1
https://docs.microsoft.com/about,0
https://support.apple.com/account?ref=8sbi,0
http://ebty-signin.ml,1
https://id.github.com/help,0
https://amazon-suspend.cf/session,1
http://7ht2ibtrv.cf,1
https://whatsapp.com@22lnl5yh.ml,1
https://bfxpfw8xemlt.ga,1
https://id.spotify.com/account,0
https://docs.twitter.com/settings,0
https://support.twitter.com/settings,0
http://amazon.com@qmfd2smd.gq,1
https://whatsapp.com/pricing,0
https://blog.netflix.com/account,0
http://gtbank-2kai-oz46-te5u-secure-in7of.info/login/verify,1
https://blog.airbnb.com/help,0
http://instagram.com@0d68fr8r.work,1
http://facebook-1uha-6f6m-2xg2-secure-agxkk.info/login/verify,1
https://yahoo.com/docs/api,0
https://support.shopify.com/?ref=hcbn,0
http://microsoft-2yfa-i6yr-8nkr-secure-5yyex.tk/login/verify,1
http://ebay-1yhy-a0ei-secure-ci4eu.work/login/verify,1
https://blog.quora.com/settings,0
https://www.zoom.us/docs/api?ref=35sf,0
https://blog.microsoft.com/pricing,0
http://ebay.com@lb8tnjxc.xyz,1
https://Apple-banking.cf,1
https://mail.paypal.com/about?ref=h5ns,0
https://support.zoom.us/,0
https://support.linkedin.com/account?ref=wpnx,0
https://id.whatsapp.com/pricing,0
https://amazoN-confirm.info,1
https://blog.notion.so/docs/api,0
http://vzo8wd3.top,1
https://shop.yahoo.com/settings?ref=ypml,0
https://accounts.netflix.com/,0
http://9hxkei9ul.club,1
https://www.microsoft.com/about,0
https://support.whatsapp.com/pricing?ref=mdmz,0
http://coinbase-o33b-29xz-6uk1-8f2d-secure-pkqgb.info/login/verify,1
https://qvrua7.tk,1
http://109.26.80.248/confirm.php,1
http://chase.com@asyinpfg.top,1
http://chase.com@gr8cp11g.tk,1
http://97.197.130.176/confirm.php,1
https://shop.wikipedia.org/account?ref=kz3v,0
http://gtbank.com@2d5lo9j5.info,1
https://facbook-confirm.top,1
https://coinbase-gxsk-ouzx-nljr-secure-lu27x.xyz/login/verify,1
http://coinbxase-alert.club,1
http://lqm585u7d2.work,1
https://support.facebook.com/settings,0
https://accounts.wikipedia.org/login,0
https://mail.slack.com/account,0
https://53.213.143.167/update.php,1
https://shop.paypal.com/,0
http://coinnbase-update.com,1
http://amazon-0gjo-f9us-secure-k179y.gq/login/verify,1
http://instagam-account.info,1
https://54.195.56.1/login.php,1
http://8o1lppj1n5t8.work,1
https://apple-1ijo-l9gd-mbiq-secure-sbllw.tk/login/verify,1
http://chase-update-signin.club/session,1
http://microsofm-alert.net,1
http://gtbank.com@m7zum7od.tk,1
https://support.wordpress.com/help?ref=np84,0
https://accounts.gtbank.com/pricing?ref=wgmp,0
https://818cs4qyh.ga,1
https://apple.com/,0
http://google-login.ga/session,1
https://support.trello.com/pricing,0
https://mail.shopify.com/docs/api?ref=32lx,0
https://mail.notion.so/about,0
https://id.slack.com/settings,0
https://support.spotify.com/products,0
https://shop.quora.com,0
https://support.facebook.com?ref=ao72,0
http://qm91284sec.tk,1
https://netflix.com/account,0
http://35.11.79.204/update.php,1
https://id.instagram.com/settings,0
https://accounts.twitter.com/account,0
https://coinbase-verify.gq/session,1
http://paypal.com@nklgigcu.gq,1
http://amazon-confirm.info/session,1
https://id.trello.com/?ref=iqup,0
https://shop.airbnb.com/docs/api,0
https://support.ebay.com/settings,0
https://microsoft-login-suspend.ga/session,1
https://paypal.com@27vmvwjm.work,1
https://159.25.198.144/secure.php,1
http://vgz38m7.ml,1
https://id.nytimes.com/pricing?ref=fibj,0
http://ebay-y6ek-dkfo-secure-blj0u.info/login/verify,1
https://paypal.com@seutlpf4.ga,1
https://mail.yahoo.com/account,0
https://chase.com@w81ayuam.tk,1
https://blog.stackoverflow.com/products?ref=n3tn,0
https://mail.dropbox.com/products,0
https://support.quora.com/login?ref=zc7f,0
http://netfflix-signin.ml,1
https://shop.apple.com/pricing,0
https://instagram-alert-banking.work/session,1
http://facebook.com@8kh4pjyv.ga,1
https://shop.amazon.com/account,0
http://58.242.19.215/verify.php,1
http://xomigc3j3yc6.work,1
https://docs.salesforce.com/,0
https://amazon-signin.gq/session,1
https://coinbase.com@33rgmudi.cf,1
https://paypal-s04l-x5z3-jufx-h8p0-secure-0nwkq.xyz/login/verify,1
http://coinnbase-secure.com,1
http://coinbase.com@xurpv7ly.top,1
https://netflix.com?ref=1j7v,0
https://instaram-alert.info,1
https://support.twitter.com/login,0
https://mail.coinbase.com/,0
https://2gdauos74ule.work,1
https://instagram-update-login.club/session,1
https://174.38.142.45/update.php,1
http://whatsapp-ygme-xf9l-secure-cpxxv.top/login/verify,1
https://support.netflix.com/settings,0
https://93.164.139.59/alert.php,1
https://blog.figma.com/account?ref=vsig,0
http://chase-vtx6-poqb-t55r-ebxg-secure-4bihb.gq/login/verify,1
https://netflix-k499-nr0o-secure-9lz57.tk/login/verify,1
https://shop.spotify.com/pricing,0
https://id.facebook.com/about,0
http://56.27.43.180/suspend.php,1
https://shop.figma.com/about,0
http://k4y32h.xyz,1
https://202.239.232.34/secure.php,1
https://netflix.com@sb7bioi3.xyz,1
http://paypal.com@0hkarpkf.info,1
http://162.105.159.162/signin.php,1
https://support.coinbase.com?ref=pqga,0
https://o1dfsts3y.info,1
https://www.spotify.com/help?ref=79fl,0
http://applle-secure.net,1
https://gtbank.com/,0
https://id.cnn.com/account,0
https://www.chase.com/login?ref=hon4,0
https://docs.shopify.com/pricing,0
https://docs.linkedin.com?ref=jd3e,0
http://whatsapp.com@mgl1rlcf.xyz,1
https://chse-verify.gq,1
http://conbase-secure.info,1
https://docs.slack.com/pricing,0
http://coinbase-grx6-a990-bsh1-secure-83quv.ga/login/verify,1
https://accounts.google.com/settings,0
https://booking.com/products,0
http://apple.com@e0hrqsu9.ga,1
https://www.chase.com/products,0
http://dcdqvul.gq,1
http://palypal-confirm.com,1
https://mail.apple.com/account,0
https://id.quora.com/login,0
https://accounts.whatsapp.com/about?ref=jzhy,0
http://instuagram-suspend.com,1
https://blog.stackoverflow.com/about,0
http://wzhatsapp-suspend.ga,1
http://linkedin.com@alls51pi.tk,1
https://blog.shopify.com/docs/api,0
https://mail.cnn.com/pricing,0
https://www.linkedin.com/about,0
https://facebook-o8je-ahdz-omqf-xen9-secure-xyphw.top/login/verify,1
https://linkedin.com@05tqm3g9.club,1
https://id.airbnb.com/help?ref=n07e,0
https://pfacebook-alert.ga,1
https://support.bbc.com/login,0
https://accounts.zenithbank.com/help,0
https://id.coinbase.com/about,0
https://accounts.booking.com/settings,0
https://zoom.us/pricing?ref=je15,0
https://blog.adobe.com/login,0
https://chase-uqln-6bgu-axnm-secure-85d4v.tk/login/verify,1
http://microsoft.com@vcrjjp6e.ml,1
https://shop.booking.com?ref=knnc,0
https://amazon-signin-verify.work/session,1
http://ebay.com@8iptc16z.ga,1
http://i60k23z2.ml,1
http://b9nt5dxi7qod.club,1
https://support.ebay.com/help,0
https://blog.github.com/login,0
https://gtbanr-secure.club,1
https://coinbase.com@ehu2m6nw.xyz,1
https://shop.twitter.com/docs/api,0
http://microsoft-bomz-qb09-uw8p-secure-5umun.ml/login/verify,1
https://shop.zenithbank.com/docs/api,0
https://support.bbc.com/products,0
https://support.coinbase.com/settings,0
http://whatsapp-nifk-cepg-jsfo-secure-h5csr.cf/login/verify,1
http://aple-signin.top,1
https://docs.zenithbank.com/login,0
http://pnud53.info,1
https://docs.ebay.com/docs/api,0
https://id.figma.com/help?ref=e2j5,0
https://coinbase.com@iwtlinj1.info,1
https://airbnb.com/docs/api?ref=zecc,0
https://id.gtbank.com?ref=tm4v,0
https://shop.amazon.com/,0
http://instagrm-banking.work,1
http://instagram-verify.cf/session,1
http://facebook-0x45-0uhe-h3rf-secure-qbwpl.club/login/verify,1
https://154.207.144.215/banking.php,1
http://google.com@jr07h0um.club,1
http://dk4snv9rr49.cf,1
http://coinbase.com@zx54sd0n.cf,1
https://www.facebook.com/products,0
http://100.67.15.115/alert.php,1
http://coinbase.com@e7ky87q1.work,1
http://lajm3um94w.club,1
https://vits03l38gx8.xyz,1
http://microsoft-czaf-r0rw-secure-kve8d.xyz/login/verify,1
https://accessbankplc.com/account,0
https://251.185.69.19/verify.php,1
http://coinbase-confirm.gq/session,1
https://www.slack.com/login?ref=8uzb,0
https://blog.slack.com/login,0
http://155.126.214.185/account.php,1
https://accounts.wordpress.com/login?ref=96mj,0
https://id.yahoo.com/about,0
http://amazon.com@jpcza3sf.ga,1
https://linkedin-confirm.ga/session,1
https://id.spotify.com/help?ref=wviy,0
https://blog.spotify.com,0
https://docs.shopify.com/,0
http://247.43.47.30/update.php,1
https://shop.yahoo.com/docs/api?ref=6prr,0
https://blog.paypal.com/pricing,0
https://facebook-account.xyz/session,1
http://paypal-secure-suspend.ga/session,1
http://19.161.203.114/signin.php,1
https://accounts.gtbank.com/account,0
https://101.227.98.46/banking.php,1
http://microsoft-login.club/session,1
https://www.google.com/,0
http://netflix-vw82-9dzu-p68c-6568-secure-1fez0.top/login/verify,1
http://233.25.245.57/confirm.php,1
https://www.gtbank.com/login?ref=n2b4,0
http://apple-xxas-hvfh-zla6-secure-uvety.top/login/verify,1
https://www.whatsapp.com/account,0
https://accounts.github.com/docs/api,0
https://linkedin.com@9gxekbzc.xyz,1
http://160.247.87.228/confirm.php,1
https://mail.gtbank.com,0
http://97.199.163.163/suspend.php,1
http://ktior4v1og.ga,1
https://id.adobe.com/products,0
https://shop.slack.com/products,0
http://facebook-alert.ga/session,1
http://gnwnl7i3p.work,1
https://shop.amazon.com/about,0
http://whatsapp.com@89fiq0fc.work,1
https://shop.stackoverflow.com/about,0
https://blog.medium.com/,0
http://gtbAnk-signin.net,1
https://shop.wikipedia.org/about,0
https://gtbank-d9c7-t71a-secure-cmuz8.ml/login/verify,1
https://accounts.quora.com,0
https://facebook-zyni-ng1f-secure-nlc1t.gq/login/verify,1
https://google.com/settings,0
https://docs.google.com/help?ref=86kt,0
https://instagram-banking.gq/session,1
http://linkedin-verify-confirm.work/session,1
https://accounts.zenithbank.com,0
https://blog.linkedin.com,0
https://whatsapp-alert.gq/session,1
https://id.ebay.com/docs/api,0
https://instagram.com/pricing,0
https://docs.figma.com/products,0
http://microsoft-login-update.ga/session,1
https://202.45.5.249/signin.php,1
https://blog.salesforce.com/settings,0
https://ebay.com@47x202vm.tk,1
https://200.84.162.104/login.php,1
http://amazon.com@453gkli9.club,1
https://support.airbnb.com/login,0
https://paYpal-login.info,1
http://kzytwxim.tk,1
https://chase-secure.club/session,1
http://243.127.240.76/confirm.php,1
https://www.spotify.com/docs/api,0
https://ebay-signin-confirm.ga/session,1
https://accounts.whatsapp.com/pricing,0
https://www.quora.com/docs/api?ref=x6uz,0
http://coinbase-suspend.cf/session,1
https://mail.whatsapp.com/login,0
http://mo2tpx4lpcx1.tk,1
http://4umsg9s.gq,1
https://accounts.yahoo.com/help,0
https://support.microsoft.com,0
https://www.wikipedia.org/docs/api,0
http://google.com@kmcx5zph.club,1
http://whatsap-signin.work,1
https://coinbase-zups-lsiy-lx2c-rl39-secure-r8h9x.tk/login/verify,1
https://amazan-suspend.info,1
https://id.amazon.com/pricing?ref=6jna,0
http://paypal.com@nq189y42.ml,1
https://medium.com/help,0
http://lc5aalirpdgz.xyz,1
https://ebay.com,0
https://netflix-login-account.top/session,1
https://support.twitter.com/account?ref=g8pj,0
https://shop.bbc.com/products,0
https://docs.github.com/about,0
http://paypal-verify-confirm.work/session,1
https://google-5nw8-r3mu-50cs-secure-8ysvc.info/login/verify,1
http://linkedin-hgm5-srze-secure-2h23m.top/login/verify,1
https://docs.dropbox.com?ref=d7x4,0
http://whatsapp.com@e3fkp96a.cf,1
https://wordpress.com/products,0
https://id.figma.com/help,0
http://l131v0.work,1
https://12.57.68.21/account.php,1
https://mail.coinbase.com/pricing,0
https://microsoft-update-secure.cf/session,1
https://accounts.apple.com/login,0
https://accounts.figma.com/account,0
https://mail.microsoft.com/settings?ref=0tr5,0
https://accounts.github.com/docs/api?ref=7ckw,0
http://netflix-login-alert.xyz/session,1
https://blog.quora.com/pricing,0
http://189.241.132.199/alert.php,1
https://ebay-login-confirm.ml/session,1
https://whatsapp.com@z6m81rjw.top,1
https://docs.adobe.com/login,0
https://gtbank.com@sqf4tiin.gq,1
http://bz9t30b69c.tk,1
http://linkedin-login-account.work/session,1
http://69.243.147.58/suspend.php,1
http://facebook.com@jbpihhb1.xyz,1
http://o9i7bx.ml,1
http://t28sie7coc.work,1
https://reddit.com/pricing?ref=e54u,0
https://shop.dropbox.com/help,0
https://www.instagram.com/help,0
https://support.microsoft.com/,0
https://instagram.com/login?ref=zf0z,0
https://accounts.ebay.com/products,0
http://ebay-login-verify.gq/session,1
https://blog.reddit.com/pricing,0
http://hcdi74kzt2.cf,1
https://yu3u8izi.cf,1
https://netfflix-login.net,1
https://blog.github.com,0
https://mail.coinbase.com/settings,0
http://facebook-thbz-okiy-secure-1pw26.ga/login/verify,1
https://jytmp4nvv7.top,1
http://dbnsg3n0s.club,1
http://apple-2e02-4cuy-f84t-yp3z-secure-lxoec.work/login/verify,1
https://34kkaf9yft.top,1
https://amazon-confirm-suspend.ml/session,1
https://uiltemrq.top,1
http://facebook-suspend-banking.club/session,1
https://shop.trello.com/pricing,0
https://blog.yahoo.com/?ref=cli6,0
https://00n114.top,1
http://3fimlcbiedb.ml,1
https://support.figma.com/help,0
https://nnetflix-alert.top,1
http://payPal-alert.net,1
https://yahoo.com/about?ref=d6fx,0
http://amazon.com@ouyaadu9.ml,1
http://gtbank-suspend.work/session,1
http://s95adj6.info,1
https://docs.medium.com,0
https://support.ebay.com/login,0
http://paypal-signin.ga/session,1
https://shop.shopify.com/products?ref=upuo,0
https://blog.adobe.com/login?ref=700u,0
https://whatsapp.com@e4qgfulz.gq,1
https://gtbanq-secure.ga,1
http://63.189.254.66/secure.php,1
http://xq7xl88.work,1
http://whatsapp.com@4hm08ope.work,1
http://94.10.143.16/suspend.php,1
https://mail.microsoft.com,0
https://x92mfje50q.ml,1
https://id.google.com/settings,0
https://blog.gtbank.com/products,0
https://appple-secure.ga,1
http://gTbank-alert.xyz,1
https://airbnb.com/about?ref=fhj4,0
https://mail.reddit.com/products,0
https://shop.wordpress.com,0
https://25.81.100.56/login.php,1
http://linkedin-alert.club/session,1
https://blog.ebay.com,0
https://pvypal-signin.ml,1
http://netflix-y8pz-l99u-secure-nivd4.gq/login/verify,1
https://www.chase.com/settings?ref=36ht,0
http://223.182.55.46/account.php,1
https://www.shopify.com/account,0
https://accounts.ebay.com/help?ref=5a7q,0
http://netflix-login.club/session,1
https://154.79.113.106/confirm.php,1
http://229.117.35.217/banking.php,1
https://microsoft-verify.ga/session,1
https://gtank-signin.top,1
https://docs.yahoo.com/login?ref=033t,0
https://amazoN-update.ga,1
https://whatsapp-login-update.ml/session,1
https://bbc.com/account?ref=94e6,0
http://amazon-g6n1-rwu1-esev-secure-fpv0v.ga/login/verify,1
https://www.slack.com/docs/api,0
https://shop.microsoft.com,0
http://coinbapse-secure.club,1
https://wikipedia.org/account,0
https://shop.microsoft.com/pricing?ref=hym2,0
https://docs.coinbase.com/account,0
https://blog.bbc.com/login,0
https://accounts.twitter.com/login,0
http://facebook-x4w3-lnae-hpit-za7u-secure-saeq1.info/login/verify,1
https://144.87.207.62/secure.php,1
https://linkedin.com@cbz95zn6.ml,1
https://shop.zenithbank.com/login?ref=xahh,0
https://support.paypal.com/login,0
https://accounts.yahoo.com/settings,0
https://chase.com@xrsq97np.work,1
https://support.zenithbank.com/docs/api?ref=k3g8,0
http://88.146.88.157/suspend.php,1
https://shop.accessbankplc.com/account,0
https://amazon.com@awuhj1l9.work,1
https://google-alert-login.top/session,1
https://mail.zenithbank.com/login,0
http://chapse-suspend.cf,1
http://ebay-54cf-g79k-secure-w09yw.club/login/verify,1
https://www.figma.com/settings?ref=7xfi,0
https://whatsapp-confirm-alert.ml/session,1
https://id.microsoft.com/account?ref=cuhg,0
http://gtbank-kuoy-svke-a3x8-secure-w9o01.top/login/verify,1
http://aple-verify.net,1
https://accounts.whatsapp.com/products?ref=ll7v,0
https://support.wordpress.com,0
http://netflid-login.ga,1
https://id.trello.com/account,0
https://support.adobe.com/docs/api,0
https://mail.paypal.com/docs/api,0
http://cHase-confirm.gq,1
https://notion.so/settings,0
http://fgzv6su1lqxt.info,1
https://support.whatsapp.com/products,0
https://chase.com/products,0
http://microsoft.com@cpwrutvl.info,1
https://blog.facebook.com/products,0
https://www.github.com/account,0
https://netflix-2ype-4cws-secure-u1by4.gq/login/verify,1
https://www.github.com/,0
http://Google-update.com,1
https://www.whatsapp.com/,0
https://nytimes.com/pricing,0
https://www.zoom.us/docs/api,0
https://114.178.79.105/confirm.php,1
https://mail.yahoo.com/products,0
https://accounts.microsoft.com/?ref=d0gv,0
http://gtbank.com@f16x14ai.gq,1
http://linkedin-suspend-confirm.ml/session,1
http://200.187.100.235/suspend.php,1
http://47.68.105.54/verify.php,1
https://id.wordpress.com/login,0
http://amazon-alert-account.ml/session,1
https://blog.ebay.com/about?ref=48wu,0
https://mail.paypal.com?ref=b2fl,0
https://twitter.com/help,0
https://accounts.wordpress.com/about?ref=kern,0
https://blog.github.com/products,0
https://shop.twitter.com/login,0
https://mail.google.com/products?ref=syax,0
https://quora.com/settings,0
https://blog.nytimes.com/?ref=i4o6,0
http://linkedin.com@uw2032ly.gq,1
https://mail.zenithbank.com/account?ref=jgf1,0
https://shop.yahoo.com/login,0
https://81.17.17.173/banking.php,1
https://shop.ebay.com/pricing,0
https://id.twitter.com/products?ref=tuk1,0
http://linkedin-v8th-105o-szqg-6pki-secure-gs5jv.club/login/verify,1
https://www.accessbankplc.com/pricing?ref=6af5,0
https://of6t6wegg.cf,1
http://gtbank-0e03-yioy-secure-u04ri.gq/login/verify,1
https://support.wordpress.com?ref=m6x7,0
https://mail.netflix.com/help?ref=aly8,0
https://docs.netflix.com/settings?ref=asf5,0
http://google-4kbl-5vgg-secure-nxdxw.xyz/login/verify,1
https://www.booking.com/?ref=vwch,0
http://iinstagram-secure.info,1
https://support.accessbankplc.com/,0
https://booking.com/help,0
https://support.gtbank.com/login?ref=ih0p,0
http://ws6moku8hcn.work,1
https://4.232.166.101/confirm.php,1
https://mail.google.com/docs/api,0
http://hrav85886.ml,1
https://92mi560toh.xyz,1
http://paypal-update-banking.cf/session,1
https://id.medium.com/login,0
https://apple.com@u91f8bv5.top,1
http://a41zbl.xyz,1
http://amazon-0yb9-c55c-5mwb-wacj-secure-8msab.gq/login/verify,1
http://5.216.211.152/update.php,1
https://accounts.gtbank.com/products,0
https://id.google.com/settings?ref=7ird,0
https://mail.twitter.com/settings,0
https://blog.shopify.com/login,0
http://netflix-login.work/session,1
http://chase.com@2zko0e49.ga,1
http://gtbank-6zhz-3e88-seby-8en0-secure-tg5jt.tk/login/verify,1
https://accounts.ebay.com/account,0
https://shop.medium.com/login,0
http://ebay-thm8-6y1y-ogq0-secure-qpqrw.club/login/verify,1
https://shop.github.com/help,0
https://blog.reddit.com/login?ref=umcz,0
http://netflix.com@4p4jwr3x.work,1
http://20.247.158.17/banking.php,1
http://121.154.69.203/login.php,1
https://id.chase.com/about,0
https://shop.apple.com/login,0
https://blog.instagram.com/login,0
https://facebook.com@l90k3rf7.top,1
https://apple-y38l-l2pf-1te3-secure-kx7mr.top/login/verify,1
http://instagram-verify-suspend.club/session,1
https://google.com@5kls0rsh.xyz,1
https://4.36.98.1/banking.php,1
https://v4523arbbr7.ml,1
https://blog.ebay.com/,0
https://id.slack.com/?ref=1n2o,0
http://guy0ofipzn0.club,1
http://215.221.121.104/confirm.php,1
https://blog.salesforce.com/docs/api,0
http://paypal-banking-confirm.info/session,1
http://instagram-4768-tqw8-do3p-x9kd-secure-wxqwl.info/login/verify,1
https://mail.twitter.com/?ref=dghx,0
http://203.32.230.196/banking.php,1
https://id.google.com/about?ref=fuu8,0
http://sqajop6.tk,1
https://google-update-secure.ga/session,1
https://id.booking.com/help,0
https://mail.trello.com/account,0
https://accounts.yahoo.com/docs/api?ref=m41q,0
https://mmdfbhps.top,1
https://google.com/account,0
http://5or4nn9.top,1
https://id.bbc.com/about,0
https://blog.twitter.com/docs/api,0
https://gtbank-alert-update.xyz/session,1
http://122.86.38.21/update.php,1
http://gurt1rwvngcf.top,1
http://netflix-suspend-account.gq/session,1
https://docs.yahoo.com/,0
https://ebay-09o0-8ne4-secure-lwg9a.tk/login/verify,1
https://id.reddit.com/pricing,0
https://188.155.129.129/banking.php,1
https://coinbase-confirm-login.gq/session,1
https://131.77.128.250/signin.php,1
http://whaTsapp-confirm.ml,1
https://ebay.com/help,0
https://www.nytimes.com,0
https://www.medium.com/login?ref=c2ih,0
http://223.4.121.138/confirm.php,1
https://paypail-secure.cf,1
http://nxmkto6jru.top,1
https://support.whatsapp.com/about?ref=bivs,0
https://zoom.us/login,0
http://google.com@25fnscqq.tk,1
https://id.yahoo.com/account?ref=1fpe,0
http://179.75.92.40/suspend.php,1
http://41.164.47.125/banking.php,1
https://accounts.instagram.com/products?ref=bxvh,0
https://shop.reddit.com,0
http://coinbase-p2r5-jglw-mk6s-f9nr-secure-614is.xyz/login/verify,1
http://apple-login.club/session,1
http://ebay.com@3ozrblh7.gq,1
https://mail.salesforce.com/about,0
http://microsoft-login.cf/session,1
https://kqdvnab.tk,1
https://www.coinbase.com/settings,0
https://mail.medium.com/pricing,0
http://linkdin-update.net,1
http://79yt1s4jida.work,1
https://support.salesforce.com/about,0
https://mail.coinbase.com/about,0
https://blog.nytimes.com/help,0
https://shop.bbc.com/pricing,0
https://docs.yahoo.com/help?ref=gjvs,0
http://apple-verify-account.club/session,1
https://blog.dropbox.com/help?ref=ve4z,0
https://ebay-h6ht-norr-e14j-secure-jka0j.ml/login/verify,1
https://linkedin.com@jb2nznx9.ga,1
https://ggoogle-signin.top,1
https://spotify.com/login,0
https://shop.stackoverflow.com/help?ref=n606,0
https://www.accessbankplc.com/,0
https://support.salesforce.com/products,0
http://9yrbon403kf.xyz,1
https://accounts.netflix.com/products,0
http://128.94.116.181/secure.php,1
https://shop.adobe.com,0
https://coinbase-itqp-q4bw-secure-4s764.ga/login/verify,1
https://id.booking.com/account,0
https://support.salesforce.com/settings,0
https://blog.microsoft.com/account?ref=7iyn,0
https://www.facebook.com/login,0
https://accounts.coinbase.com/settings?ref=asfe,0
http://194.246.90.29/update.php,1
http://chase.com@yw5ixtwg.info,1
https://mail.zenithbank.com/,0
https://mail.notion.so/account,0
https://shop.zenithbank.com/account,0
https://zenithbank.com/help,0
http://facebook-a8vi-5wl0-jd0i-2v4b-secure-rcybr.cf/login/verify,1
https://id.quora.com/account,0
http://173.186.184.141/confirm.php,1
https://mail.netflix.com/docs/api,0
https://accounts.wikipedia.org,0
https://shop.apple.com/docs/api,0
http://google.com@kfnnmlwv.tk,1
http://amazon.com@nxvg17tg.ga,1
https://facebook.com/about,0
https://support.shopify.com?ref=xjn7,0
http://instagram-ip4b-8j4z-secure-k1d1g.ml/login/verify,1
https://blog.coinbase.com/pricing?ref=cprh,0
https://www.gtbank.com/products,0
https://accounts.bbc.com/login?ref=nhl1,0
https://www.reddit.com/pricing,0
http://facebook-t71w-b0bj-hppi-secure-otxs3.top/login/verify,1
http://apple-verify.work/session,1
https://reddit.com/settings,0
http://instagram-h1fp-hmzo-im2c-secure-wt994.tk/login/verify,1
http://ebay-alert.tk/session,1
https://shop.shopify.com/account,0
http://218.27.202.58/confirm.php,1
https://docs.github.com/login,0
https://mail.nytimes.com/docs/api,0
https://blog.paypal.com/login?ref=4z8d,0
http://inStagram-banking.net,1
https://www.stackoverflow.com/login,0
http://facebook-verify-secure.ml/session,1
https://691456h95.ml,1
https://linkedin-mij5-rno5-gl1n-aia0-secure-0kert.ml/login/verify,1
http://instagram-p3v5-vs0j-zwls-secure-ndffy.ml/login/verify,1
http://53.31.144.2/confirm.php,1
https://chasu-confirm.net,1
http://gtbank-nj62-sqry-1eyn-70w1-secure-r1860.top/login/verify,1
https://id.facebook.com/help?ref=0uko,0
https://accounts.twitter.com/settings,0
http://pple-login.gq,1
https://www.facebook.com/docs/api,0
https://accounts.dropbox.com/about,0
https://blog.twitter.com/,0
https://gtbank.com@bqhtxp0s.cf,1
https://www.google.com/docs/api,0
https://netflix.com/login,0
http://linkedin-update-login.top/session,1
http://paypal.com@wmub4f0m.cf,1
http://4yymoes7sz4s.ml,1
https://shop.slack.com/pricing,0
https://amazon-ne6x-1jd3-vurr-secure-f3kwb.ml/login/verify,1
https://shop.linkedin.com?ref=j1g1,0
https://blog.whatsapp.com,0
https://yebay-secure.club,1
https://docs.amazon.com/login,0
https://paypal-update-suspend.top/session,1
https://docs.twitter.com/help,0
http://paypal-9agu-lm5f-qjyy-secure-31w3l.cf/login/verify,1
http://facebook-secure-login.work/session,1
https://blog.shopify.com/settings,0
https://id.adobe.com/login?ref=8cyo,0
https://id.wikipedia.org/pricing?ref=gju2,0
http://2w4054g8qde.xyz,1
http://microsoft-vwsq-4rx9-wx1v-secure-e0fwc.tk/login/verify,1
http://instavgram-signin.tk,1
http://amazon-e45b-2nix-secure-cix39.cf/login/verify,1
https://mail.yahoo.com/settings,0
http://linkedin.com@y93fm348.xyz,1
http://7mfcyltm9r.xyz,1
https://206.209.10.241/banking.php,1
https://docs.figma.com/docs/api,0
https://support.ebay.com/products,0
https://v8fy1apb0df.ga,1
https://gtbank.com/products,0
https://mail.stackoverflow.com/pricing,0
http://microsoft-w642-lmf9-secure-hhgtq.club/login/verify,1
https://id.figma.com/settings,0
https://google.com@htmt1ozx.ga,1
https://apple-e952-ex2j-z8k7-zoj3-secure-6hgq6.ml/login/verify,1
https://paypal.com@n5wiqld3.ml,1
https://accessbankplc.com/pricing?ref=56bn,0
https://id.booking.com/settings?ref=xnx4,0
https://blog.shopify.com/about,0
http://facebook.com@z6fp9xaq.club,1
https://chase.com@5mipuylt.ml,1
https://shop.zoom.us/,0
https://mail.accessbankplc.com/login?ref=7r31,0
https://shop.shopify.com/settings?ref=5c81,0
https://nytimes.com/login,0
https://blog.stackoverflow.com/settings,0
https://id.adobe.com/pricing,0
http://paypal.com@xt0s9f3l.info,1
http://paypal-m7fc-j0os-oh5v-6kpw-secure-v5by0.ml/login/verify,1
https://spotify.com/about,0
https://www.reddit.com/,0
https://support.github.com/help,0
http://gtbank-sx88-gxwd-secure-tpvev.top/login/verify,1
http://whatsapp-lgqt-cd21-w2kj-nvfo-secure-oegpc.xyz/login/verify,1
http://olpf37l5r.info,1
https://docs.zoom.us/account?ref=tdn1,0
https://docs.zoom.us/products,0
https://accounts.whatsapp.com/docs/api,0
https://212.54.186.198/alert.php,1
https://support.stackoverflow.com/,0
http://c29sqail1.gq,1
https://chase.com/login,0
https://linkedin-verify-suspend.tk/session,1
https://blog.salesforce.com/about,0
https://docs.quora.com/settings?ref=4abu,0
http://linkedin-ge4o-f633-bq6f-wskl-secure-9ssow.work/login/verify,1
https://accounts.shopify.com/about,0
http://instagram-account-confirm.work/session,1
https://blog.zoom.us/docs/api,0
https://accounts.zoom.us/pricing,0
https://mail.chase.com/products,0
https://6lbu9w3.cf,1
http://113.26.152.135/confirm.php,1
https://docs.cnn.com/products,0
https://www.accessbankplc.com/account?ref=163l,0
http://gtbank.com@nfw6szf4.xyz,1
https://www.bbc.com,0
https://119.6.206.43/login.php,1
https://z19yei.xyz,1
https://blog.slack.com/products,0
http://gtbank-ueoc-7jnx-894i-1q2g-secure-5r83y.gq/login/verify,1
http://89.54.93.152/banking.php,1
https://paypnal-confirm.com,1
https://www.ebay.com/settings,0
https://www.dropbox.com/,0
https://support.booking.com/settings,0
http://linkedin-w3rr-43ur-4mfj-secure-nvsk6.cf/login/verify,1
https://17.108.179.91/banking.php,1
http://prtiry3t.cf,1
http://apnle-banking.tk,1
http://whatspp-banking.work,1
http://Chase-account.com,1
http://microsoft-ahsa-o2qw-secure-n2v51.gq/login/verify,1
http://whatsapp-login-update.tk/session,1
https://id.shopify.com/products?ref=k0ee,0
https://shop.whatsapp.com/login,0
https://gshxm4.club,1
http://jzx4xvq.tk,1
https://www.salesforce.com/pricing?ref=9x5j,0
http://nctftt7i.gq,1
http://chase-secure-signin.club/session,1
https://coinbase.com@j1gjpmh3.work,1
https://paypal.com/help,0
https://support.airbnb.com/products,0
https://shop.adobe.com/products,0
https://156.55.238.188/login.php,1
http://70.98.249.90/account.php,1
https://apple-suspend-login.gq/session,1
https://support.spotify.com/about,0
http://appple-login.club,1
https://microsoft.com/settings?ref=pmgp,0
https://paypal-account.top/session,1
https://www.zenithbank.com/settings,0
https://accounts.gtbank.com/,0
http://ahl52iruhzh5.cf,1
http://facebook-banking-alert.xyz/session,1
https://mail.linkedin.com/login,0
http://229.141.161.237/login.php,1
https://www.reddit.com/account,0
http://ebayy-verify.ga,1
http://google-dtnb-s5xr-secure-e2j5z.ga/login/verify,1
http://whatsappp-update.xyz,1
http://coinbase-kaad-ov9w-d0rv-z3y9-secure-uzu9s.ml/login/verify,1
https://shop.linkedin.com/account?ref=xn2e,0
http://chase.com@ihuy7ew1.club,1
https://zoom.us/pricing,0
https://www.notion.so/about,0
https://stackoverflow.com/help,0
https://accounts.notion.so/pricing,0
http://linkedin.com@v8h0z6wf.gq,1
http://70.161.231.11/login.php,1
https://blog.accessbankplc.com/account?ref=imbm,0
https://support.slack.com/about,0
https://airbnb.com/about,0
http://127.125.147.109/secure.php,1
https://blog.ebay.com/settings,0
http://73.230.142.149/suspend.php,1
https://www.notion.so/products,0
https://paypal-suspend.gq/session,1
https://id.dropbox.com/products,0
https://support.nytimes.com/about,0
https://accounts.spotify.com/?ref=4hqf,0
http://35.66.101.4/banking.php,1
https://www.salesforce.com/help,0
http://n0abcz7ep6.top,1
https://shop.google.com/settings,0
https://4c8ma30w7.work,1
https://support.zoom.us/docs/api?ref=c56t,0
http://whatsapp-alert-banking.ga/session,1
http://5.177.173.209/suspend.php,1
https://netflix.com@2btufdoa.top,1
https://support.dropbox.com/pricing,0
https://www.quora.com/pricing?ref=hthr,0
https://033zujci.work,1
https://www.amazon.com?ref=5b4l,0
https://papal-suspend.top,1
https://accounts.nytimes.com/,0
https://zoom.us/help,0
http://instagram.com@5d8l8dj0.ml,1
https://mail.nytimes.com/products,0
https://zvwt0y5kidy.ga,1
https://instagrm-alert.net,1
https://docs.accessbankplc.com/pricing,0
http://oinbase-confirm.info,1
https://accounts.ebay.com/about,0
https://mail.medium.com/,0
https://support.whatsapp.com/account,0
https://netflix-login-account.ml/session,1
https://apPle-suspend.work,1
https://id.google.com/products,0
https://apple-iia7-bw2v-nomz-z8wx-secure-i9huk.info/login/verify,1
http://14.15.122.209/suspend.php,1
http://chasE-account.ga,1
https://shop.amazon.com/docs/api,0
http://apple-90mb-0orr-5sr5-secure-xt8oi.ga/login/verify,1
http://aypal-alert.cf,1
https://shop.medium.com/help?ref=y6yo,0
http://241.9.75.150/update.php,1
https://docs.zoom.us/account,0
http://coinbase-lb8j-od5j-gk54-6d27-secure-q8p6u.top/login/verify,1
https://72.125.253.72/update.php,1
https://support.chase.com/products?ref=bpj4,0
http://111.26.177.98/update.php,1
http://coinbase.com@lcpy9npg.cf,1
http://gtbank.com@h7o0zbo7.info,1
http://nettflix-update.com,1
https://www.zenithbank.com/account,0
http://paypal-login-confirm.cf/session,1
https://blog.coinbase.com/docs/api?ref=ldaa,0
https://mail.nytimes.com/help,0
http://ildaslw9hg.cf,1
http://instagram-k61b-7pxj-bc8v-drqn-secure-df76i.club/login/verify,1
https://64.22.209.68/confirm.php,1
https://shop.whatsapp.com/,0
https://129.126.64.216/confirm.php,1
https://www.figma.com/docs/api,0
http://176.159.218.147/account.php,1
https://support.wikipedia.org/help?ref=5296,0
http://microsoft-d6z6-pq1a-uf0t-secure-lecfd.gq/login/verify,1
https://zoom.us/help?ref=7qk4,0
https://support.github.com/pricing?ref=2r0t,0
http://microsoft.com@sf4vh9t1.gq,1
https://accounts.coinbase.com,0
http://whatsapp.com@jqvlw2v8.xyz,1
https://microsoft.com/docs/api,0
https://123.200.243.88/update.php,1
https://www.coinbase.com/products,0
https://accounts.gtbank.com/pricing,0
http://coinbase-suspend-update.cf/session,1
https://hk9oe7te8r.club,1
https://mail.netflix.com/settings,0
https://wordpress.com/settings,0
https://blog.microsoft.com/about,0
https://www.instagram.com/login,0
https://mail.ebay.com/docs/api,0
http://paypal.com@y92defqg.club,1
http://insTagram-confirm.com,1
https://microsoft-u7im-2l18-4uvm-secure-n6pwe.cf/login/verify,1
http://amazon-xswy-0szk-secure-l9tdc.tk/login/verify,1
https://id.slack.com/pricing?ref=4t3x,0
http://coinbase.com@0sd0p477.tk,1
https://support.apple.com,0
http://coinbase-he9w-ieeo-secure-h5ihj.ml/login/verify,1
https://netflix-banking.club/session,1
https://accounts.chase.com/products,0
https://167.236.146.180/verify.php,1
https://www.quora.com/pricing,0
http://jjfaf8edjm7.xyz,1
https://id.accessbankplc.com/pricing,0
https://coinbase.com/account,0
https://shop.instagram.com/login,0
https://accounts.nytimes.com/login,0
http://ke4hs0l.club,1
https://quora.com/pricing,0
http://whatsapp-k3ck-ohel-h913-sd09-secure-unzu6.top/login/verify,1
https://www.adobe.com/settings,0
https://accounts.medium.com/settings,0
http://chase.com@iw5xnqdz.cf,1
https://mail.adobe.com/help?ref=lig5,0
http://b1kwvg8.club,1
https://kmicrosoft-suspend.club,1
https://Microsoft-suspend.net,1
https://accounts.paypal.com/,0
https://mail.medium.com/account?ref=ykpl,0
https://167.248.171.224/verify.php,1
http://whatsapp.com@bpfwsq7t.ga,1
http://182.222.154.70/banking.php,1
http://apple-s9r3-7v38-69oj-secure-bnfor.info/login/verify,1
https://www.dropbox.com,0
http://facebook-suspend-verify.ml/session,1
https://1fttt1vdy.work,1
https://1lc5ww9lz.cf,1
https://blog.medium.com/help,0
https://chas-confirm.tk,1
https://shop.adobe.com/help,0
https://223.196.10.150/confirm.php,1
https://shop.facebook.com/pricing?ref=9fk2,0
https://53.51.233.77/alert.php,1
https://shopify.com/login?ref=khnn,0
https://shop.ebay.com/login?ref=v3z6,0
https://232.50.76.24/verify.php,1
http://fadcebook-secure.ml,1
http://pypal-banking.tk,1
https://mail.shopify.com/settings,0
https://88.70.166.248/banking.php,1
http://nejflix-secure.com,1
https://shop.coinbase.com/help,0
http://microsoft.com@gymymmhl.gq,1
https://blog.gtbank.com/account?ref=non4,0
http://linkedin.com@8jj6jai7.work,1
http://apple.com@23u65xnu.ga,1
http://em2bga7s.tk,1
https://blog.amazon.com/products,0
http://amazon-w7zr-tqj8-cw8n-57pl-secure-4x2wp.ml/login/verify,1
https://docs.paypal.com/docs/api,0
https://booking.com/pricing,0
http://google-9eu8-18ut-secure-iwt25.gq/login/verify,1
http://whatsap-signin.cf,1
https://support.wordpress.com/help,0
https://mail.medium.com/account,0
https://google-signin-login.ml/session,1
http://instagram-suspend.cf/session,1
https://mail.notion.so,0
https://bqonvw8s.gq,1
http://linkedin-y6rr-79iv-2f1f-secure-q2oaz.gq/login/verify,1
https://docs.yahoo.com/pricing,0
https://docs.instagram.com/pricing,0
https://docs.medium.com/docs/api,0
https://accounts.zoom.us/login,0
http://microsoft-verify-signin.ml/session,1
https://241.14.183.236/account.php,1
http://opklj670.gq,1
https://blog.medium.com/about?ref=bb9e,0
https://id.amazon.com/settings,0
https://whatsapp-signin-account.info/session,1
https://75.33.52.21/alert.php,1
https://blog.microsoft.com/products,0
https://gtbank.com@pht102f2.xyz,1
https://8.123.143.221/signin.php,1
http://linkedin-wmd5-tfu2-secure-x42d1.club/login/verify,1
https://microsoft-nlp2-s07j-ordb-secure-dl6ur.cf/login/verify,1
https://mail.slack.com,0
https://www.amazon.com/docs/api,0
https://shop.slack.com/about,0
http://netflix-secure-signin.ml/session,1
https://accounts.microsoft.com/account,0
https://docs.chase.com/about,0
https://docs.linkedin.com/help,0
https://jvaa08.ml,1
https://www.cnn.com/login,0
https://accounts.apple.com/settings?ref=97n6,0
https://amadzon-secure.info,1
http://126.36.48.232/login.php,1
https://blog.trello.com/help?ref=qy26,0
http://paypal-secure.gq/session,1
http://microsoft.com@0h5qqjvw.work,1
https://id.bbc.com/help,0
http://rm9xxk7.club,1
https://shop.figma.com,0
https://shop.zenithbank.com/settings,0
https://www.accessbankplc.com/docs/api,0
https://shop.salesforce.com/about,0
https://chae-account.cf,1
https://amazon.com/login,0
https://blog.google.com/about,0
https://linkpedin-signin.work,1
https://www.zenithbank.com/login,0
http://gtbanr-suspend.com,1
https://blog.salesforce.com/account?ref=0atc,0
https://docs.adobe.com/products,0
https://whvatsapp-update.gq,1
https://linkedin.com@3dcmyxbd.tk,1
https://wbvddt8nch.ml,1
https://accounts.wikipedia.org/settings,0
https://netflix.com@jj8ek38c.gq,1
https://129.160.193.233/secure.php,1
https://linkedin-ud30-e47l-qzgh-2yte-secure-44rvg.club/login/verify,1
https://wordpress.com/,0
https://linkedin-banking.top/session,1
https://mail.reddit.com,0
https://salesforce.com/account,0
http://d9y7u6.club,1
http://ebay.com@ap90ok11.club,1
https://instagram.com@tb4v8jq2.gq,1
https://www.apple.com/settings,0
https://netflix-secure-signin.top/session,1
http://gtbank-secure.tk/session,1
https://shop.linkedin.com/,0
https://linkedin-login.ga,1
https://docs.whatsapp.com/login,0
https://www.ebay.com/pricing?ref=duvl,0
http://opple-login.xyz,1
https://www.medium.com/products,0
https://shop.slack.com/docs/api,0
http://cvase-update.tk,1
https://support.netflix.com/settings?ref=bps3,0
https://docs.cnn.com/docs/api,0
http://linkediqn-alert.club,1
http://193.116.143.179/secure.php,1
http://google-bv7u-2aja-7haw-qdui-secure-zi71r.xyz/login/verify,1
https://id.reddit.com/account?ref=nemb,0
https://shop.github.com/,0
http://linkedn-banking.club,1
https://mail.dropbox.com,0
https://id.notion.so/,0
https://1.82.242.191/banking.php,1
https://support.quora.com/products,0
https://support.yahoo.com/docs/api?ref=r0vh,0
http://whatsapp-update.work/session,1
https://support.gtbank.com/products,0
https://blog.paypal.com/account,0
http://er90mwb4ll.top,1
https://accounts.zoom.us/about,0
https://amgzon-account.net,1
https://instagram.com@7jp1ilri.top,1
https://ebay-verify-banking.club/session,1
https://56.173.51.112/signin.php,1
http://apple.com@bobcd11r.xyz,1
https://shop.zoom.us?ref=lou8,0
http://amaon-suspend.net,1
https://249.105.55.181/confirm.php,1
https://twitter.com/?ref=pklv,0
https://docs.facebook.com/products,0
https://www.bbc.com/help,0
https://ls9b7ry0.ml,1
https://support.accessbankplc.com/settings?ref=z1ro,0
http://coinbase-update.cf/session,1
https://146.147.45.153/login.php,1
https://fh2tn8b8zufj.club,1
https://www.paypal.com/settings?ref=0kjd,0
https://id.reddit.com/?ref=v1lt,0
http://linkedin-login.info/session,1
https://id.spotify.com?ref=oh9m,0
https://195.227.123.88/update.php,1
https://reddit.com,0
https://slack.com/,0
http://microsoft-wofc-57pa-secure-nun44.tk/login/verify,1
https://accounts.twitter.com,0
http://145.122.42.176/update.php,1
https://ebay.com@g41rk4mk.top,1
http://ebjay-confirm.net,1
https://blog.whatsapp.com/login,0
http://j8suwuh.info,1
https://207.111.174.166/suspend.php,1
http://eba-signin.cf,1
https://ffacebook-suspend.com,1
https://accounts.netflix.com/settings,0
http://neflix-confirm.com,1
http://amfzon-alert.net,1
http://coinbase-verify-account.tk/session,1
http://linkedin-l7xt-r3ga-e9dr-secure-qnh5e.ml/login/verify,1
https://www.reddit.com/settings,0
https://blog.slack.com/settings,0
https://linkedin-verify-banking.xyz/session,1
http://m5h0jhk0i.xyz,1
http://5ssumh0znsg.club,1
https://docs.instagram.com,0
https://shop.salesforce.com/login,0
http://google-tt9k-a1dl-ucll-secure-4ybnu.ga/login/verify,1
https://mail.wordpress.com/pricing,0
https://blog.adobe.com/account,0
https://facebook.com@5mhsbdj5.top,1
https://accounts.gtbank.com/docs/api?ref=cw79,0
https://accounts.trello.com/help?ref=pkia,0
https://instagRam-account.tk,1
https://apple-mddx-13tf-secure-ouvwx.ga/login/verify,1
https://46.4.96.13/secure.php,1
https://213.21.249.36/account.php,1
http://apple-1ccm-n3dn-secure-gzcv9.club/login/verify,1
http://ebay.com@pcgq6pe2.ga,1
https://apple-signin-banking.info/session,1
https://netflix-hifk-0vzy-ybda-u8ez-secure-wmoc0.gq/login/verify,1
http://5lx9beahza.tk,1
https://accounts.airbnb.com/settings,0
https://facebook-login.ml/session,1
https://blog.gtbank.com/docs/api,0
https://www.figma.com/,0
https://shop.medium.com/products,0
http://microsoft-confirm.ga/session,1
https://gtbank.com/settings?ref=f4jg,0
https://whatsapp-account-signin.ml/session,1
https://ebay.com/pricing,0
https://www.facebook.com/help?ref=i339,0
http://google-update-secure.top/session,1
https://blog.amazon.com/help,0
https://docs.spotify.com,0
https://blog.zoom.us/products,0
https://blog.yahoo.com/products,0
http://42.42.209.144/suspend.php,1
http://clhase-suspend.cf,1
https://id.wordpress.com/account,0
https://75.113.188.74/update.php,1
https://blog.reddit.com/help?ref=c2ht,0
https://support.notion.so/,0
https://aumazon-login.ga,1
http://payypal-signin.cf,1
https://www.coinbase.com/docs/api,0
https://shop.bbc.com,0
http://oyhdowm2h.club,1
https://shop.facebook.com/account,0
https://notion.so/pricing,0
https://shop.trello.com/docs/api,0
https://docs.zenithbank.com/,0
https://id.gtbank.com/docs/api?ref=ul62,0
http://linkedin.com@p7a3uh03.tk,1
https://support.facebook.com,0
https://linkedin-verify-update.gq/session,1
https://accounts.wikipedia.org/settings?ref=zegb,0
http://microsoft.com@284wyx74.xyz,1
https://chasee-update.club,1
https://www.nytimes.com/login,0
https://shop.gtbank.com/account,0
http://coinbasE-account.top,1
https://fdcebook-alert.com,1
https://yahoo.com/about,0
https://docs.cnn.com/,0
https://id.booking.com/help?ref=os07,0
http://microsoft-y9kv-gcpm-5f50-5oj3-secure-6lopp.tk/login/verify,1
http://linkredin-signin.club,1
https://ebay-7o7r-ci2a-fi41-jip2-secure-rb1w0.info/login/verify,1
https://accounts.chase.com/about,0
https://apple.com@q6tlv0gu.tk,1
https://docs.zenithbank.com/docs/api?ref=6ykf,0
https://mail.figma.com/pricing,0
https://linkeldin-verify.ga,1
https://blog.cnn.com/login?ref=ehwj,0
http://google.com@2oeut4ie.tk,1
https://accounts.microsoft.com/login,0
https://adobe.com/pricing?ref=kvbl,0
https://support.github.com/,0
http://netfliex-account.info,1
https://intuo1.info,1
http://g3rxokpi1.club,1
https://id.salesforce.com/help,0
https://id.amazon.com/products?ref=prpn,0
https://shop.ebay.com/about?ref=1zaq,0
https://support.twitter.com/products,0
http://google.com@pdwr1xfh.club,1
https://support.slack.com/account,0
http://aypal-suspend.gq,1
http://linkedin-v52q-fe98-0tw8-7s34-secure-76ke1.club/login/verify,1
https://w9p0ieihc.gq,1
http://179.112.55.230/banking.php,1
https://support.dropbox.com/help,0
https://www.github.com/about,0
https://docs.spotify.com/docs/api?ref=pkyr,0
http://203.29.127.29/suspend.php,1
https://id.zenithbank.com/docs/api,0
http://gtbank-de2y-3znp-secure-kaiwj.xyz/login/verify,1
http://google-update.club/session,1
https://id.dropbox.com/docs/api,0
http://7irjg107r92.xyz,1
https://dropbox.com/login,0
https://trello.com/help,0
http://gcrkfkj.cf,1
http://facebook.com@vn29mrqv.ml,1
https://251.197.41.176/banking.php,1
https://blog.linkedin.com/help?ref=u6fo,0
https://accounts.cnn.com/help,0
https://ebay.com@wnqa4p3p.info,1
https://wikipedia.org/login?ref=8lwv,0
https://www.paypal.com/settings,0
https://support.linkedin.com/products?ref=pht6,0
https://support.github.com/pricing,0
https://Linkedin-signin.cf,1
https://nnveje1.work,1
http://google-confirm-update.work/session,1
http://paypal.com@phnck5qd.tk,1
https://support.nytimes.com/,0
https://id.slack.com,0
http://netflix.com@6a3kl0n4.xyz,1
https://accounts.slack.com/docs/api?ref=6mlv,0
https://id.netflix.com/login,0
https://cnn.com/pricing,0
https://docs.amazon.com/?ref=v5oj,0
https://whatsapp-29i7-6ber-p0iv-1top-secure-ozesj.cf/login/verify,1
http://245.71.126.77/update.php,1
https://accounts.microsoft.com/login?ref=fr27,0
https://www.booking.com/login,0
http://z6m9zm.club,1
https://www.wordpress.com/help?ref=dhhj,0
http://gtbank-zmpr-gaao-765z-c9hl-secure-xk1vi.work/login/verify,1
https://whatsapp-secure.work/session,1
http://249.108.198.82/alert.php,1
http://paypal-confirm-signin.work/session,1
https://shop.wikipedia.org/settings,0
http://chAse-secure.top,1
http://213.222.57.222/update.php,1
https://gtbank-banking.gq/session,1
https://mail.stackoverflow.com/products,0
http://liNkedin-signin.ml,1
https://twitter.com,0
https://whatsapp.com@tivr40dm.cf,1
http://watsapp-update.tk,1
https://mail.medium.com/help,0
https://docs.facebook.com/account,0
https://ebay.com@52e52dy7.tk,1
https://accounts.trello.com/help,0
https://support.wordpress.com/pricing?ref=npin,0
https://id.reddit.com/settings,0
http://ebay.com@sv4daund.top,1
https://www.trello.com,0
https://blog.figma.com/products,0
https://chasee-signin.club,1
https://shop.quora.com/login?ref=yyos,0
https://docs.reddit.com/help,0
http://ebay.com@ebicn9nc.xyz,1
https://www.chase.com/docs/api,0
https://www.trello.com/pricing,0
http://zfb8x6.gq,1
https://aple-confirm.cf,1
https://accounts.spotify.com/pricing,0
https://www.notion.so/docs/api,0
https://accounts.facebook.com/,0
https://www.slack.com/login,0
http://ebay-suspend-secure.ml/session,1
http://facebook-59jm-z8sp-ctat-c9s8-secure-ien34.info/login/verify,1
https://cnn.com/login?ref=2nnu,0
https://mail.coinbase.com/docs/api,0
http://micarosoft-signin.tk,1
http://watsapp-alert.club,1
https://www.nytimes.com/settings,0
https://www.salesforce.com/pricing,0
http://2h6sgl.tk,1
https://support.paypal.com/products?ref=mvh0,0
https://amazon-ajfh-71uz-secure-iexgo.xyz/login/verify,1
https://netflix.com/about,0
https://id.quora.com/docs/api,0
http://whatsapp-secure-verify.tk/session,1
http://wymfvtacbl.info,1
https://support.accessbankplc.com/products?ref=ytl8,0
https://support.bbc.com/about,0
https://rizyo7cm.club,1
http://apple-inuq-em14-wcnj-xenr-secure-dpvgn.work/login/verify,1
https://gtbank.com@f864bwx0.club,1
https://id.shopify.com/about?ref=kkbp,0
http://jydfzdtc5p.tk,1
http://coinbase-bf1n-97nf-nt06-rla8-secure-0xgyx.ml/login/verify,1
https://shop.stackoverflow.com/account,0
https://mail.salesforce.com,0
https://ebay.com@alsul8sn.gq,1
https://193.23.129.13/banking.php,1
https://accounts.quora.com/settings,0
http://neTflix-suspend.info,1
https://gtbank.com/login,0
http://google-vspj-0lxw-tr1u-eiaq-secure-j9x2h.ml/login/verify,1
https://mail.trello.com/products?ref=16ye,0
http://pple-banking.com,1
https://shop.microsoft.com/settings,0
https://shop.wikipedia.org/docs/api,0
http://d9jyj3.tk,1
https://airbnb.com/help?ref=cl5e,0
https://131.59.29.154/signin.php,1
https://dropbox.com/products,0
http://netflix.com@8ualry3i.cf,1
https://wikipedia.org/about?ref=z61t,0
https://docs.zenithbank.com/about,0
https://accounts.nytimes.com/?ref=ri7b,0
https://id.airbnb.com/login,0
https://blog.medium.com/docs/api?ref=pmvx,0
https://docs.reddit.com/account,0
http://paypaal-signin.xyz,1
https://accounts.amazon.com/,0
https://quora.com/products,0
http://paypal-banking-confirm.tk/session,1
https://mail.apple.com/about,0
https://docs.coinbase.com/products?ref=ua09,0
https://blog.slack.com/docs/api,0
https://www.yahoo.com/pricing,0
https://id.quora.com/about,0
http://apple.com@yap9eib0.club,1
https://yahoo.com/products,0
https://accounts.zoom.us/account?ref=9qdi,0
https://www.cnn.com/pricing,0
http://172.7.223.254/signin.php,1
http://180.207.251.147/banking.php,1
https://mail.spotify.com/about,0
http://215.127.98.76/login.php,1
https://blog.salesforce.com/products,0
http://s664fn8.gq,1
https://14.61.116.53/account.php,1
http://facebook.com@ho7z98ri.gq,1
https://linkedin.com/products,0
https://support.stackoverflow.com/help,0
https://trello.com/?ref=zsx0,0
https://support.quora.com,0
http://coinbask-confirm.info,1
https://linkedin-h8va-qvbd-im28-secure-2hqg2.tk/login/verify,1
https://linkedin-alert.cf/session,1
https://coinbase-m8ec-kc54-secure-rxoz5.work/login/verify,1
https://164.18.30.152/login.php,1
http://googhle-banking.info,1
http://whatsapp.com@vgfri7fz.xyz,1
http://vwkfu90.ga,1
http://chase.com@yy0kz6xn.top,1
https://apple.com/settings,0
http://coinbase-m4y0-4lf3-secure-6plui.ml/login/verify,1
http://appple-alert.cf,1
https://shop.spotify.com?ref=iuef,0
https://gtbank.com@sfpfmnf7.work,1
http://146.46.235.176/update.php,1
https://id.linkedin.com/login,0
https://mail.apple.com/pricing,0
https://linkedin-alert-signin.ga/session,1
https://notion.so/help,0
http://whatrapp-account.ml,1
https://facebook-n5fi-c40n-secure-r6epm.xyz/login/verify,1
http://qevfpvu.xyz,1
https://facebook-secure.ml/session,1
https://www.figma.com/pricing,0
http://gtbank-iety-r9x2-0bw2-mrll-secure-6d9wi.cf/login/verify,1
https://micRosoft-alert.com,1
https://blog.nytimes.com,0
https://shop.booking.com/pricing,0
http://gtbank-signin-suspend.top/session,1
https://support.adobe.com/login,0
https://shop.quora.com/about,0
https://www.stackoverflow.com/account,0
http://79.4.218.24/account.php,1
https://docs.stackoverflow.com/account?ref=ao13,0
https://shop.instagram.com/help,0
https://f0mee0.info,1
http://gkh8vxpsa97.xyz,1
https://www.yahoo.com/help,0
https://www.netflix.com?ref=5sid,0
https://mail.amazon.com/account,0
https://mail.yahoo.com/account?ref=8vc1,0
https://bbc.com/settings?ref=n6nb,0
https://docs.bbc.com,0
https://whatsapp.com/account,0
https://www.medium.com/pricing?ref=wuwq,0
https://accounts.spotify.com/account?ref=hwzk,0
https://coinbase.com/about,0
https://mail.quora.com/account?ref=ywe3,0
http://wb5hsts68.ml,1
https://coinbase.com/pricing?ref=ycef,0
https://accounts.ebay.com/help,0
https://whatsapp.com/docs/api,0
https://www.medium.com/settings?ref=e3cu,0
https://blog.netflix.com,0
http://facebook.com@bce2eh30.top,1
http://whatsapp-73hx-b8b6-j393-secure-mgvl0.top/login/verify,1
http://facebook-confirm-signin.work/session,1
https://www.ebay.com/pricing,0
http://chase-o3bt-g7ga-245j-8o98-secure-za5w8.tk/login/verify,1
http://dchase-signin.top,1
https://id.dropbox.com/help,0
https://ppaypal-suspend.tk,1
https://www.trello.com/account,0
http://instagram-account-login.ga/session,1
https://accounts.ebay.com,0
https://accounts.google.com,0
http://google.com@e67snvce.ga,1
http://whatsapp-verify-account.work/session,1
https://docs.gtbank.com/settings?ref=9gmy,0
https://blog.slack.com,0
https://www.quora.com/account,0
https://microsoft-account.info/session,1
https://support.apple.com/account,0
https://medium.com/products,0
https://shop.netflix.com/settings?ref=i3e9,0
https://docs.chase.com/about?ref=2orw,0
https://shop.apple.com/login?ref=qzrw,0
https://support.booking.com/help?ref=ln4r,0
http://8rd05n9hczdq.work,1
https://bk4ufsv.club,1
http://google-signin-banking.cf/session,1
https://www.netflix.com/?ref=x6iv,0
https://apple-ffvm-am3j-secure-uq7rz.gq/login/verify,1
https://support.linkedin.com/settings?ref=r0zj,0
https://id.medium.com/,0
https://mail.figma.com/about,0
https://docs.airbnb.com/settings,0
http://googLe-banking.info,1
https://blog.paypal.com/login,0
https://blog.whatsapp.com/pricing,0
https://mail.chase.com/settings,0
https://mail.bbc.com/account?ref=li4o,0
https://www.linkedin.com/login?ref=okz5,0
http://213.160.59.74/secure.php,1
https://accounts.notion.so/settings,0
http://115.160.134.184/alert.php,1
http://google-qqi5-eqzp-pw62-secure-u41tq.ml/login/verify,1
http://chaye-secure.net,1
https://accounts.quora.com/pricing,0
https://whatsapp-lk7i-azgq-secure-egvt6.ga/login/verify,1
https://apple-secure-login.ga/session,1
https://support.wikipedia.org/docs/api,0
http://134.151.205.254/confirm.php,1
https://www.airbnb.com/pricing?ref=0i9g,0
http://microsoft-signin-login.ml/session,1
https://blog.nytimes.com/docs/api,0
https://id.linkedin.com/pricing,0
http://84.137.220.128/login.php,1
https://docs.wordpress.com,0
https://adobe.com/products,0
https://support.whatsapp.com/help,0
https://82327a.info,1
https://accounts.quora.com/docs/api,0
https://airbnb.com?ref=9zki,0
https://accounts.figma.com/login,0
https://5h8gorm3zh47.top,1
https://www.linkedin.com/settings,0
https://mail.salesforce.com/help?ref=mcxx,0
https://id.zenithbank.com/pricing,0
http://8v5x6e9d70.info,1
http://instagram.com@4do4xxwx.gq,1
https://docs.zoom.us,0
https://jqedli.top,1
https://gtbank.com/account,0
https://nettflix-signin.tk,1
http://whatsapp.com@ap7wr1sh.ml,1
https://23uv15cf89l.info,1
https://mail.twitter.com/help,0
http://ebay-verify.tk/session,1
https://id.google.com/docs/api?ref=buot,0
https://blog.dropbox.com/about,0
http://kavxsoa8.ml,1
http://netflix.com@8m72zkeo.tk,1
http://google-b4lu-x4l8-63a1-secure-m4yrv.xyz/login/verify,1
https://blog.spotify.com/,0
https://instagram.com@42zsa6ha.tk,1
https://shop.salesforce.com/pricing,0
https://mail.microsoft.com/help,0
https://mail.adobe.com/help,0
http://googla-banking.cf,1
https://www.nytimes.com/help,0
https://mail.quora.com/login?ref=1qkb,0
https://whatsapp-suspend-signin.club/session,1
https://blog.linkedin.com/about,0
http://gtbank.com@g2tltt23.ga,1
https://chfase-signin.ml,1
https://shop.apple.com/docs/api?ref=tt05,0
http://26.140.80.41/secure.php,1
https://google.com@zi683bpw.club,1
https://accounts.notion.so/docs/api,0
https://id.booking.com/login,0
https://salesforce.com/about,0
http://0ex7ki1.xyz,1
http://paypa-login.gq,1
https://netflix-ukah-yvzy-v9bi-secure-hwh0x.xyz/login/verify,1
http://227.80.55.184/login.php,1
https://mail.wordpress.com/about,0
http://apple-u33k-2w1i-5ki7-secure-patm0.work/login/verify,1
https://coinbase-nnoc-3arp-yyfg-tu91-secure-41ofv.gq/login/verify,1
https://id.instagram.com/pricing,0
https://blog.ebay.com/account?ref=hkvj,0
https://shop.spotify.com/settings?ref=nhm6,0
https://support.slack.com/help?ref=z2ue,0
http://200.196.201.66/account.php,1
http://6migovr.tk,1
http://gtbank-una9-wk4m-k3fn-secure-2qypb.club/login/verify,1
https://miCrosoft-banking.ga,1
http://189.107.119.230/account.php,1
https://coinbase.com@yiw59odm.gq,1
https://1utzbbht35.cf,1
http://linkedin-79w5-dy4l-re7p-secure-gsx9o.cf/login/verify,1
http://ku7zqj3ovu7p.work,1
https://accounts.gtbank.com/help,0
https://blog.booking.com/pricing,0
http://linkedwn-account.ga,1
http://11.48.104.202/update.php,1
https://blog.wordpress.com/products,0
https://docs.linkedin.com/?ref=rjhr,0
https://accounts.dropbox.com/login?ref=4xv3,0
http://dnya3s.work,1
https://support.twitter.com/account?ref=gi3q,0
http://vdkt97axuhzd.ga,1
https://id.figma.com/pricing,0
https://support.bbc.com,0
https://235.86.7.114/signin.php,1
http://appLe-alert.club,1
https://support.instagram.com/about?ref=xi5n,0
http://whatsapp.com@07tlydss.tk,1
http://chase.com@ra8k2h90.work,1
https://gibank-confirm.net,1
http://jwbwnuhpht.top,1
http://microsoft-qm2u-bal0-j2h4-secure-9pqrm.cf/login/verify,1
https://1u97rwjvie6.ml,1
https://shop.stackoverflow.com/docs/api?ref=qbnk,0
https://mail.dropbox.com/about,0
http://coinbase-z5ay-lxj6-hqjg-5hew-secure-hko1c.club/login/verify,1
https://fg2exqy886.gq,1
http://amazon-0p87-5kno-rtlq-bk2w-secure-gknx8.cf/login/verify,1
https://accounts.shopify.com/,0
https://www.amazon.com/about,0
https://eay-alert.info,1
https://167.131.117.17/suspend.php,1
https://blog.spotify.com/account?ref=smwp,0
http://79hlth11bl.ga,1
http://coinbase-banking-alert.xyz/session,1
https://id.shopify.com/login?ref=a6d9,0
https://id.dropbox.com/pricing,0
http://59.146.253.28/banking.php,1
https://linkedin-3zg1-igae-7ute-i5cq-secure-cpq4r.top/login/verify,1
https://accounts.medium.com/,0
https://docs.zoom.us/docs/api,0
https://docs.accessbankplc.com/docs/api,0
https://instaguam-confirm.gq,1
https://booking.com/login,0
https://coinbase-account.top/session,1
https://facebook-9pfh-j1oy-cfz6-1i3e-secure-61byd.gq/login/verify,1
https://id.google.com/pricing,0
https://shop.ebay.com/docs/api?ref=3zrz,0
https://accounts.wikipedia.org/pricing,0
http://btpdo7yf.gq,1
http://7.229.88.83/update.php,1
https://accounts.medium.com/pricing,0
https://pc0oxihw.xyz,1
http://133.128.131.154/suspend.php,1
http://coinbase.com@gminudc3.cf,1
https://accounts.google.com/products,0
http://apfle-confirm.info,1
http://ta1sfnb6sp0.top,1
http://linkedin.com@u74ij643.work,1
https://shop.airbnb.com/account,0
http://a4fegyy.gq,1
https://support.figma.com/docs/api,0
https://google.com@o6yu37nj.club,1
https://support.gtbank.com/products?ref=pvjt,0
https://www.spotify.com/,0
https://support.coinbase.com/,0
https://apple-suspend-update.top/session,1
https://accounts.adobe.com/,0
https://accounts.accessbankplc.com/products,0
https://id.netflix.com/help,0
https://mail.zoom.us/help,0
https://accounts.zenithbank.com/settings,0
https://shop.figma.com/products?ref=snph,0
https://mail.reddit.com/?ref=2mrm,0
https://eqj4pzc5ypoh.tk,1
https://tw32atxab.gq,1
http://microsoft-f6dn-obk8-secure-pg25p.cf/login/verify,1
http://coinbase-suspend.top/session,1
https://docs.microsoft.com/docs/api,0
https://facebook.com/settings?ref=cj1g,0
http://ebay-bg52-ib4t-secure-itmtj.ml/login/verify,1
https://docs.wordpress.com/login,0
https://blog.gtbank.com/help,0
https://zoom.us/account,0
https://www.github.com,0
https://googl-verify.ml,1
https://accounts.airbnb.com/pricing,0
http://e321d5c.xyz,1
https://support.github.com/help?ref=qv5y,0
https://id.apple.com/help?ref=5oai,0
https://blog.google.com/help,0
http://paypal-account-alert.gq/session,1
https://shop.netflix.com/docs/api,0
http://mzicrosoft-verify.top,1
https://shop.facebook.com/account?ref=jlpe,0
http://coinbvase-suspend.com,1
https://salesforce.com/,0
https://docs.salesforce.com/login,0
https://shop.notion.so/pricing,0
https://docs.quora.com/pricing,0
http://p2xkd5.info,1
http://gtbank-confirm-secure.ga/session,1
https://blog.spotify.com/about,0
https://accounts.salesforce.com/login,0
https://docs.quora.com/help?ref=j5iq,0
https://accounts.netflix.com/about,0
https://google.com/about,0
http://vft9o0.ga,1
http://chhase-signin.tk,1
https://yahoo.com/help,0
http://244.163.150.181/banking.php,1
http://facebookk-confirm.xyz,1
https://whatsavp-secure.ml,1
https://mail.microsoft.com/pricing?ref=vyow,0
https://119.99.136.203/update.php,1
https://ebay.com@fnniix1s.gq,1
https://support.accessbankplc.com/pricing,0
http://microsoft-account-verify.club/session,1
http://facebook-ysx9-ojwu-secure-lmwwc.ml/login/verify,1
https://apple-update.ga/session,1
https://blog.google.com/,0
https://support.twitter.com/,0
http://21.187.223.170/banking.php,1
https://shop.coinbase.com/about,0
http://130.29.158.85/account.php,1
https://www.wordpress.com,0
https://shop.nytimes.com/login,0
https://linkedin-6uqv-l7er-dtom-secure-m0ttd.top/login/verify,1
http://instagram-spz0-ciuw-kw9v-zczm-secure-g8lwd.info/login/verify,1
https://paypal-6m9n-wyub-ekt2-mnj7-secure-qof3w.top/login/verify,1
https://paypal-login-update.club/session,1
https://www.dropbox.com/pricing,0
https://blog.instagram.com/about,0
https://ebkay-update.com,1
https://airbnb.com/settings,0
http://paypal-19et-pg2o-8xgh-secure-g7i2h.cf/login/verify,1
https://accounts.bbc.com/products,0
https://www.chase.com,0
https://coinbase-confirm-banking.tk/session,1
https://support.microsoft.com/account,0
http://netflix-suspend-login.top/session,1
http://249.148.120.102/update.php,1
https://Ebay-alert.cf,1
http://116.67.70.184/suspend.php,1
http://oprrumuc4.gq,1
http://2tgrtfa11p.xyz,1
http://facebook-8fbf-fhey-zqqx-bv0d-secure-nd6bw.ml/login/verify,1
https://zenithbank.com/login,0
http://h6ra0dqd29q.club,1
http://ebay.com@roptxmqt.top,1
https://support.reddit.com/docs/api,0
https://www.accessbankplc.com/about,0
https://www.airbnb.com/products,0
http://microosoft-account.club,1
https://accounts.salesforce.com/pricing,0
https://shop.microsoft.com/pricing,0
https://cnn.com/help,0
https://www.coinbase.com?ref=0ixr,0
https://115.139.83.26/signin.php,1
https://rbay-banking.top,1
https://wikipedia.org/products,0
https://mail.nytimes.com/pricing,0
https://mail.twitter.com/docs/api,0
https://mail.facebook.com/products,0
https://docs.instagram.com/account,0
https://id.accessbankplc.com/help?ref=nx8e,0
https://www.shopify.com/help,0
http://14rs8u.tk,1
https://mail.whatsapp.com/docs/api,0
http://225.137.197.44/update.php,1
https://trello.com/about,0
https://www.yahoo.com/login,0
https://v1mm9432b62.ga,1
http://amazaon-confirm.net,1
http://netflix-suspend-alert.cf/session,1
https://ebay-u0vg-dr1g-secure-psch8.ml/login/verify,1
https://shop.shopify.com/docs/api,0
https://airbnb.com/docs/api,0
https://mail.stackoverflow.com/account,0
http://822y0eap5.club,1
http://faceboOk-alert.ga,1
https://mail.linkedin.com,0
http://chase.com@krsn8l0u.work,1
https://docs.zoom.us/settings,0
https://docs.reddit.com/about,0
https://docs.slack.com/account,0
https://id.github.com/docs/api,0
http://whatsap-login.ml,1
https://mail.google.com/about,0
https://shop.google.com/help,0
https://mail.wordpress.com/login,0
https://mail.trello.com/products,0
https://mail.salesforce.com/settings,0
https://docs.microsoft.com/?ref=3o1q,0
https://blog.figma.com/help,0
http://facebook-zy2x-azwm-z6jx-ryx5-secure-8pzek.work/login/verify,1
http://192.174.87.139/verify.php,1
http://linkedin-signin.gq/session,1
https://blog.gtbank.com/login,0
https://id.reddit.com,0
https://accounts.wordpress.com/settings?ref=faf0,0
https://docs.quora.com/login,0
https://200.211.66.142/account.php,1
https://docs.microsoft.com/settings,0
https://reddit.com/,0
https://mail.stackoverflow.com/settings,0
https://65.240.184.250/login.php,1
https://docs.quora.com/login?ref=ih7w,0
http://inktagram-alert.gq,1
https://blog.cnn.com/settings,0
https://support.ebay.com/?ref=jb0p,0
https://support.spotify.com/login,0
https://docs.quora.com/about,0
https://docs.github.com/help?ref=ub9r,0
http://ahktwi9b.ga,1
https://whatsapp.com@d2lguqio.top,1
https://support.reddit.com/products,0
http://microsoft.com@2u8z1xie.ml,1
https://support.trello.com/about?ref=d140,0
https://netflix-secure-signin.ml/session,1
https://instagram-verify.info/session,1
http://linkedin.com@xsipnaru.info,1
https://id.adobe.com?ref=rnq0,0
http://apple.com@qjacpttc.info,1
https://jfzp0t57go.tk,1
https://www.yahoo.com/about,0
https://blog.reddit.com/settings,0
https://id.cnn.com/help,0
https://mail.ebay.com?ref=0fp8,0
http://ebay-login.cf/session,1
http://coinbase.com@4191hkk7.ml,1
https://apple-signin.work/session,1
http://whasapp-banking.info,1
https://187.254.49.21/signin.php,1
https://accounts.quora.com/help,0
http://paypal.com@olpgu8nq.info,1
https://blog.amazon.com/settings,0
https://chase-qinf-2p09-1pqf-mpah-secure-qn21r.club/login/verify,1
https://blog.coinbase.com/,0
https://accounts.salesforce.com/help,0
https://blog.quora.com/account,0
http://amazon-n230-a7zu-m2v3-1iqf-secure-pmlnl.cf/login/verify,1
https://shop.quora.com/account?ref=nqjl,0
https://support.medium.com/?ref=gomf,0
http://157.126.13.188/login.php,1
http://212.46.12.110/banking.php,1
http://linkedin.com@b8nhoj7h.top,1
https://blog.netflix.com/login,0
https://microsoft-rzlc-h2xr-nwjh-secure-0tkc3.club/login/verify,1
http://instagram.com@6v5m1uwr.info,1
http://whatsapp.com@sekp8ynn.cf,1
https://shopify.com/docs/api?ref=6a9h,0
https://wordpress.com/docs/api,0
https://netfllix-signin.ga,1
http://apple-signin-verify.ga/session,1
https://gtbank.com@bv30bmzw.xyz,1
https://accessbankplc.com/help,0
https://accounts.microsoft.com/,0
https://accessbankplc.com/?ref=gjc3,0
https://support.yahoo.com,0
https://accounts.twitter.com/docs/api?ref=gv0e,0
https://5o5cvhjobei.ga,1
http://x3536sr7i0sa.club,1
https://docs.slack.com/about,0
https://id.quora.com,0
http://chasse-secure.net,1
https://docs.dropbox.com,0
http://google-zces-58kc-imfl-0xn3-secure-761xs.tk/login/verify,1
https://id.netflix.com/,0
https://support.wordpress.com/settings?ref=ek03,0
https://mail.facebook.com,0
https://linkedin-md18-hfy4-0jot-secure-wwp82.work/login/verify,1
https://support.booking.com/account,0
https://accounts.medium.com/login,0
https://mail.slack.com/products?ref=9oe9,0
https://facebook-verify.ga/session,1
http://facebook.com@zsuv41am.cf,1
http://goolgle-update.tk,1
http://netflix.com@qj3sxgtt.ml,1
https://24qbssallh.club,1
https://docs.amazon.com/,0
https://id.wordpress.com/settings,0
http://pr4wgdfks.club,1
https://google-secure.cf/session,1
http://Netflix-alert.work,1
https://docs.microsoft.com/pricing?ref=15ic,0
http://amazon-secure-confirm.club/session,1
https://kbu0t369o.ga,1
https://github.com/account?ref=afey,0
https://support.figma.com/?ref=5egt,0
https://mail.figma.com/account?ref=s3jo,0
https://google-phwn-8ddi-nz29-secure-rfiup.gq/login/verify,1
https://r2a95c434dt6.club,1
https://docs.linkedin.com/settings,0
https://coinbase-y0cl-ccvg-secure-280wc.gq/login/verify,1
https://zoom.us/products?ref=5l0r,0
https://shop.cnn.com/account,0
https://apple-suspend.ml/session,1
https://www.yahoo.com/?ref=5xrs,0
https://chase-p2iu-4cp9-secure-dgej1.xyz/login/verify,1
https://bcez15r.work,1
http://facebook-esrw-qb6t-wnvj-secure-lq1wm.info/login/verify,1
http://instagram.com@p5mz6w3c.top,1
https://blog.salesforce.com/products?ref=u3as,0
http://amazon-update-alert.cf/session,1
http://gtdt2sgngyf.info,1
https://accounts.salesforce.com/settings,0
http://apple-account-alert.club/session,1
http://nc19arsoz9e.ml,1
https://id.stackoverflow.com/account,0
https://mail.yahoo.com/help,0
https://mail.facebook.com/login?ref=v3xo,0
http://szj2rqb2jmz.top,1
https://shop.bbc.com/help,0
https://mail.linkedin.com/,0
https://whatsapp.com@dqijd44y.info,1
http://apple.com@0ty97l09.ml,1
http://conbase-account.gq,1
https://support.reddit.com/help,0
https://id.reddit.com/docs/api,0
http://coinbasee-login.gq,1
http://instagraam-account.info,1
https://accounts.slack.com/help,0
https://mail.amazon.com/pricing,0
http://224.205.183.139/banking.php,1
http://wnh83fi4oja.cf,1
http://ebay-qhmr-forg-secure-fia2q.ml/login/verify,1
http://oinbase-signin.ga,1
https://id.accessbankplc.com/settings?ref=4261,0
https://accounts.chase.com/docs/api?ref=5coz,0
https://gtbank-secure.ml/session,1
https://mail.slack.com/pricing,0
https://e3skso6dkfla.tk,1
https://mail.booking.com/help,0
http://apple.com@111vpivx.club,1
https://blog.dropbox.com/help,0
https://docs.slack.com/help,0
https://shop.coinbase.com/settings,0
https://pn74fy5115.info,1
https://208.136.237.229/verify.php,1
http://ya2otkq.cf,1
https://shop.yahoo.com/about,0
https://shop.google.com,0
https://docs.github.com/help,0
https://accounts.zenithbank.com/about,0
https://docs.shopify.com/login,0
https://coinbase.com@11r99alx.cf,1
http://63.189.234.193/confirm.php,1
https://support.dropbox.com/about,0
https://mail.github.com/account,0
https://docs.paypal.com/help?ref=5zmt,0
https://mail.linkedin.com/login?ref=5wi6,0
https://support.amazon.com/account?ref=hpzr,0
https://mail.github.com/docs/api,0
https://docs.gtbank.com/login,0
https://www.amazon.com,0
https://168.249.228.224/login.php,1
https://accounts.adobe.com/docs/api,0
http://microsoft.com@s7kqi5ww.xyz,1
http://nl6dmjlxdw.work,1
https://www.bbc.com/login?ref=qlem,0
https://43056m.cf,1
https://support.facebook.com/login,0
http://apple-confirm.work/session,1
https://coinbase-secure.cf/session,1
http://facebook-q6w9-48ju-63lx-sy4v-secure-32i3p.gq/login/verify,1
https://amazon-fitg-uktq-5smv-vbjb-secure-jven2.club/login/verify,1
https://mail.zenithbank.com/pricing,0
https://support.linkedin.com/login,0
https://www.microsoft.com/help,0
https://blog.medium.com/login,0
https://blog.figma.com/products?ref=537y,0
https://zoom.us,0
https://netflix-alert.club/session,1
https://ebak-verify.ml,1
https://mail.whatsapp.com/products,0
https://support.spotify.com,0
http://paypal-bisc-w1pz-117i-secure-r41b8.tk/login/verify,1
http://217.223.6.44/login.php,1
http://ebay-kq8s-jqon-secure-148mo.club/login/verify,1
https://accounts.trello.com/docs/api,0
http://dzsyjx2.top,1
https://paypal.com@ghke79e8.tk,1
https://blog.airbnb.com/docs/api,0
https://www.quora.com/?ref=7hz3,0
https://blog.twitter.com/pricing,0
https://b5aqy9055s.top,1
https://coibase-suspend.tk,1
https://accounts.paypal.com/about,0
https://shop.airbnb.com/about,0
http://gabank-secure.club,1
http://coknbase-suspend.gq,1
https://docs.linkedin.com/help?ref=iluv,0
https://shop.google.com/products,0
https://www.zoom.us/pricing,0
https://www.nytimes.com/products?ref=5ggs,0
https://shop.amazon.com/settings,0
https://support.shopify.com/about,0
https://chase-ib48-g5x1-rtwf-secure-q5p52.gq/login/verify,1
http://2lcrz3.info,1
http://chase-0tuz-g2vg-35xd-secure-fuvsk.gq/login/verify,1
http://google-banking-signin.work/session,1
https://docs.dropbox.com/about?ref=ifjf,0
http://tagivee57.tk,1
http://facebook-alert-verify.xyz/session,1
http://facebook-viz7-5uer-secure-nxsky.gq/login/verify,1
https://support.gtbank.com/docs/api,0
https://docs.slack.com/login,0
https://coinbase-rttd-wosp-secure-lqbxx.ga/login/verify,1
http://whatswpp-signin.cf,1
http://ipaypal-secure.top,1
http://zankumy7nl7.work,1
https://shop.paypal.com/about?ref=xll4,0
https://accounts.wikipedia.org/,0
http://xom9tp.gq,1
https://shop.paypal.com/help,0
http://5.25.122.222/banking.php,1
http://whatsapp.com@v9d5e93r.ml,1
https://paypal-67ms-wpat-om28-7c45-secure-6w0mq.cf/login/verify,1
https://mail.trello.com/docs/api?ref=0yvg,0
https://blog.twitter.com/account,0
https://blog.booking.com/account,0
https://www.stackoverflow.com/docs/api?ref=flzm,0
https://bbc.com/pricing,0
https://microsoft.com@8jqbo8wf.xyz,1
https://shop.salesforce.com/products,0
https://apple.com@a8d2odkw.ml,1
https://gtbauk-alert.club,1
http://chase-5ulz-zix2-secure-qvu5o.club/login/verify,1
http://google-login-secure.club/session,1
http://microsoat-verify.top,1
http://zvl3xkkjliv.tk,1
https://i8r5nt.cf,1
https://mail.reddit.com/docs/api?ref=ucjg,0
https://shop.microsoft.com/about?ref=o20u,0
https://www.twitter.com/settings,0
http://qd102kkvr0.club,1
https://netflix-llgr-cutr-eurf-secure-kjfpy.xyz/login/verify,1
https://support.salesforce.com/docs/api?ref=cnwm,0
https://snstagram-update.ga,1
https://chase-3t5q-21g0-secure-hpnpk.tk/login/verify,1
http://instagram.com@g710eq8o.tk,1
https://ebay-login-confirm.ga/session,1
https://blog.github.com/help,0
https://djjo9n.cf,1
https://support.booking.com/,0
https://mail.chase.com/docs/api,0
http://netflix-wtk4-kl9f-g2ne-secure-rloa8.work/login/verify,1
https://paypal-ufl9-mq11-phls-qk7m-secure-p1kst.ga/login/verify,1
https://support.notion.so/docs/api,0
https://id.airbnb.com/account?ref=ryi0,0
https://shop.quora.com/login,0
http://facebook-us50-av7h-secure-vcku3.tk/login/verify,1
https://shop.spotify.com/about,0
https://docs.medium.com/products?ref=o74v,0
https://mail.yahoo.com/,0
https://id.twitter.com/login,0
http://apple-8lbc-lapd-secure-6w5ow.ml/login/verify,1
http://whatsapp.com@rpoj9bma.xyz,1
https://google.com@318eifbt.xyz,1
http://cchase-alert.top,1
https://blog.microsoft.com/docs/api,0
https://www.yahoo.com/account?ref=lcwb,0
https://id.notion.so/?ref=h70m,0
http://whatsapp.com@cmrrkal9.club,1
https://251.91.188.51/suspend.php,1
http://google-update-signin.gq/session,1
https://linkeddin-secure.top,1
https://stackoverflow.com/settings,0
https://mail.accessbankplc.com/,0
https://mail.slack.com/help,0
https://support.trello.com/settings,0
https://docs.coinbase.com/help?ref=toz5,0
https://coinbase.com/docs/api,0
https://support.trello.com/docs/api,0
https://linkpedin-confirm.gq,1
http://n1pukqh.top,1
https://shop.salesforce.com/settings?ref=fs83,0
https://blog.trello.com/,0
https://shop.dropbox.com/?ref=ut4s,0
https://www.coinbase.com/account?ref=ghpm,0
https://shop.ebay.com/docs/api,0
https://shop.bbc.com/login,0
https://shop.wordpress.com/,0
https://mail.netflix.com,0
https://coinbase.com@pu943fwj.tk,1
http://paypal-slo9-nlup-ya8w-secure-ss506.cf/login/verify,1
https://id.github.com/?ref=3run,0
https://www.bbc.com/docs/api?ref=pbhs,0
https://www.slack.com/about,0
https://ebay-secure.gq/session,1
https://mail.notion.so/,0
https://254.42.1.234/secure.php,1
http://3so5xj5i2mt.tk,1
http://coinbase-secure.cf/session,1
https://docs.github.com/,0
https://docs.figma.com/account?ref=ozd1,0
http://paypal.com@oz9roe19.tk,1
https://accounts.wikipedia.org/help,0
https://support.shopify.com/account,0
http://tbank-suspend.ga,1
https://support.airbnb.com/docs/api,0
http://netflix.com@3nkbf2e6.work,1
https://chase-scrv-3hon-secure-ozwrs.cf/login/verify,1
https://amaon-verify.info,1
http://154.78.214.125/confirm.php,1
https://docs.amazon.com/about,0
https://shop.quora.com/products,0
http://gtbank-nkv7-8rtj-r2gj-secure-qrt3m.ml/login/verify,1
https://accounts.trello.com/login?ref=io87,0
https://accounts.instagram.com/account,0
http://247.89.110.85/update.php,1
https://docs.netflix.com/products,0
https://accounts.trello.com/login,0
https://www.nytimes.com/account,0
https://whatsapp.com@fzz5t6v8.work,1
https://id.slack.com/pricing,0
https://facebook-azk4-xczt-blbh-k10i-secure-hilzn.top/login/verify,1
https://www.ebay.com/account,0
https://www.salesforce.com/products,0
https://accounts.airbnb.com/account,0
http://chase-secure.club/session,1
http://9.130.191.185/login.php,1
https://shop.netflix.com/about,0
http://33.164.83.52/confirm.php,1
http://coinbase-tnkz-iy75-itdl-35jr-secure-1fs32.gq/login/verify,1
https://whatsapp.com/about,0
http://ebay-update-signin.ml/session,1
https://support.apple.com/help,0
http://amazon.com@hounkp9j.top,1
https://puyd6i5.cf,1
https://accounts.booking.com/?ref=5158,0
http://instagram.com@rvxjvxgl.info,1
http://chase-alert-verify.xyz/session,1
https://shop.stackoverflow.com/pricing,0
https://accounts.amazon.com/docs/api?ref=xtad,0
https://shop.adobe.com/,0
https://mail.figma.com/docs/api,0
http://chase-nywf-5qey-lw4q-secure-h304a.info/login/verify,1
https://docs.slack.com/,0
https://docs.salesforce.com/settings,0
http://chase.com@tchhi78l.ga,1
https://ebay.com@zul2eeiq.ga,1
https://netflix-riou-bb5g-secure-jxp7x.gq/login/verify,1
https://blog.paypal.com/about,0
https://blog.linkedin.com?ref=ud9k,0
https://id.zoom.us/login,0
https://blog.medium.com/settings,0
https://docs.adobe.com/about,0
https://shop.google.com/settings?ref=24n9,0
https://www.linkedin.com/login,0
http://43.67.148.245/suspend.php,1
https://docs.chase.com/settings,0
http://coinbase-c5mn-jotw-secure-b5oeq.ml/login/verify,1
https://ebay.com@gdxfae7w.top,1
https://gtbank-login.work/session,1
https://id.microsoft.com/products,0
https://i373dz.work,1
https://blog.stackoverflow.com/pricing?ref=cruy,0
https://blog.stackoverflow.com/pricing,0
https://linkedin.com@myqa78cu.cf,1
https://shop.bbc.com/account,0
http://84.212.84.52/verify.php,1
http://paypawl-update.club,1
https://www.medium.com/,0
http://pjaypal-verify.info,1
https://docs.apple.com/about,0
https://accounts.medium.com/settings?ref=dx7m,0
http://instagram-opst-9lif-i3os-secure-bx0hj.cf/login/verify,1
http://facebook-login-banking.gq/session,1
https://www.instagram.com/products?ref=mq0y,0
http://57.22.19.58/alert.php,1
https://www.figma.com,0
http://coinbase-alert-secure.tk/session,1
http://instagram-verify-account.gq/session,1
https://mail.salesforce.com/account,0
http://google-27e6-l8xc-gmiu-rpv2-secure-7uwe7.work/login/verify,1
http://microsoft.com@0xv6ddd2.top,1
http://microsoft-secure-login.cf/session,1
https://mail.airbnb.com/account?ref=ntb3,0
http://apple-secure.xyz/session,1
https://amazoN-account.com,1
https://nytimes.com/settings,0
https://linkedin.com@vjuz5pfb.tk,1
http://coinbase-banking-alert.cf/session,1
http://paypal-5jku-lc5l-36ug-4zif-secure-oj02w.ga/login/verify,1
https://blog.netflix.com/pricing,0
http://ebay.com@5eb9idyr.ga,1
https://www.airbnb.com/about?ref=ri4k,0
http://8w07fil3dv.top,1
https://w8twt2i9o.work,1
http://whatsapp-3ktx-6qca-secure-1t6jl.xyz/login/verify,1
https://support.nytimes.com/docs/api,0
https://accounts.facebook.com/help,0
https://instagra-banking.info,1
https://mail.whatsapp.com/settings,0
https://microsoft-t99i-7zfc-secure-ahn11.club/login/verify,1
https://blog.coinbase.com/settings,0
https://shop.wordpress.com/about,0
http://vzpvwll5.work,1
https://mail.google.com/pricing,0
https://accounts.quora.com/settings?ref=cj4t,0
https://q6lfj18lm6s0.cf,1
http://instagram-vblr-q3x4-secure-opqzd.cf/login/verify,1
https://support.accessbankplc.com/settings,0
https://shop.wikipedia.org/,0
https://id.whatsapp.com/docs/api,0
https://yahoo.com/docs/api?ref=nbcj,0
http://t4qp075hrxe.cf,1
https://mail.cnn.com/,0
https://shop.cnn.com/help?ref=dpus,0
https://blog.airbnb.com/products,0
https://206.218.214.52/update.php,1
http://instagram-suspend.club/session,1
https://support.medium.com/,0
https://accounts.gtbank.com/docs/api,0
https://mail.adobe.com,0
http://ebay-confirm.work/session,1
https://xlkdyp4rp.ga,1
http://ebay-ejfb-ovb1-secure-7wcdl.gq/login/verify,1
https://docs.apple.com/?ref=cuid,0
https://docs.facebook.com/help?ref=9i71,0
https://amazOn-secure.info,1
https://mail.shopify.com/products,0
https://lnlpr9a.cf,1
http://apple.com@yj49ix5t.club,1
https://docs.twitter.com/?ref=bvzb,0
https://airbnb.com,0
http://26.159.163.118/login.php,1
https://whatsapp-1i1u-z5zc-fpvw-secure-nh81t.top/login/verify,1
https://support.shopify.com/products,0
https://blog.zoom.us/pricing,0
http://facebook-pubk-opsl-secure-rau33.gq/login/verify,1
http://5.108.21.227/signin.php,1
https://blog.bbc.com/settings,0
http://google.com@gkekt0kx.ga,1
http://155.70.187.173/alert.php,1
https://gtbank-account-update.cf/session,1
https://mail.linkedin.com/settings,0
http://tbank-banking.net,1
https://support.apple.com/products,0
https://blog.netflix.com/help,0
https://support.twitter.com/docs/api?ref=v4dh,0
https://mail.zoom.us/,0
http://aazon-confirm.ga,1
https://accounts.github.com,0
https://uon3qas.xyz,1
https://instagraM-login.cf,1
http://google-update-suspend.gq/session,1
https://mail.quora.com/pricing,0
https://Facebook-alert.xyz,1
http://netflix-account-login.gq/session,1
http://ebay-suspend-confirm.club/session,1
https://support.microsoft.com/docs/api,0
http://Linkedin-banking.cf,1
http://aPple-signin.xyz,1
https://linkedin-login.info/session,1
http://apxple-suspend.ml,1
http://paypal.com@50lmbvsq.top,1
https://paypal-z46a-bqz2-secure-4uf3s.top/login/verify,1
http://4gh0y3hkk.tk,1
https://tbank-login.tk,1
https://mail.yahoo.com/pricing?ref=hug9,0
http://google.com@lg1tq1v5.xyz,1
https://blog.wikipedia.org/products?ref=3w3h,0
https://shop.figma.com/docs/api?ref=vhfw,0
https://33.243.196.40/banking.php,1
http://eBay-verify.club,1
https://docs.whatsapp.com/?ref=ppq0,0
https://mail.twitter.com/about,0
https://blog.apple.com/account,0
http://amazon-pb4d-pgev-secure-7zvnb.tk/login/verify,1
http://coinbase.com@l8wj6zgy.xyz,1
https://www.apple.com/products?ref=n0t6,0
https://blog.twitter.com/products,0
http://paypal.com@7326xpj2.info,1
https://dl970sd.top,1
https://shopify.com/help,0
https://docs.reddit.com/settings?ref=jx5t,0
http://linkedin-account.tk/session,1
https://docs.apple.com/login,0
http://227.206.84.218/verify.php,1
https://support.airbnb.com/,0
https://mail.trello.com/pricing,0
https://coinbase.com@jho4vudq.cf,1
https://id.notion.so/pricing,0
https://id.linkedin.com/help?ref=y7vc,0
http://whatsaapp-signin.gq,1
http://61py2vg93.top,1
http://wzjfxykm.gq,1
https://docs.twitter.com/?ref=rhyq,0
https://docs.github.com/?ref=xvq6,0
https://4nxv50ot.cf,1
https://quo2xqz21xg.gq,1
https://hlsxjxrqmbb.tk,1
https://support.google.com?ref=fn33,0
https://docs.instagram.com/help,0
https://id.quora.com/products,0
https://chase-p1m2-vc8b-secure-bo3fa.ml/login/verify,1
https://id.wordpress.com/,0
https://shop.slack.com?ref=8g8j,0
http://linkedinn-account.com,1
https://shop.linkedin.com?ref=v714,0
http://c3bak7.ml,1
http://171.69.29.188/banking.php,1
https://apple.com/about,0
https://support.wikipedia.org/pricing,0
https://id.cnn.com/login,0
https://mail.twitter.com/pricing?ref=w79w,0
http://esay-signin.club,1
https://wjojafi.xyz,1
https://id.whatsapp.com,0
https://support.apple.com/login,0
https://www.trello.com?ref=7zvk,0
https://blog.shopify.com/account?ref=dabb,0
https://docs.netflix.com/login,0
http://coinbasse-suspend.cf,1
https://shop.booking.com/docs/api?ref=xoyc,0
http://152.202.223.153/signin.php,1
http://c908t6.info,1
https://id.microsoft.com/account,0
http://coinbase.com@3adtprtz.club,1
http://apple-update-signin.xyz/session,1
http://gtbdank-update.club,1
https://accounts.wordpress.com/help,0
https://www.google.com/about,0
http://efubfd340.top,1
https://www.amazon.com/docs/api?ref=lqj5,0
https://accounts.amazon.com/pricing,0
http://112.10.191.110/banking.php,1
https://mail.ebay.com/about,0
https://id.spotify.com/settings,0
https://e200i2zrhvyp.ga,1
http://82.188.116.176/alert.php,1
https://mail.wordpress.com/settings,0
https://mail.accessbankplc.com/account,0
https://accounts.airbnb.com/products?ref=ryf0,0
https://5hty6x.xyz,1
https://whatsapp.com/about?ref=log0,0
https://mail.apple.com,0
https://docs.gtbank.com/settings,0
https://128.18.93.232/confirm.php,1
https://mail.instagram.com/help,0
https://mail.netflix.com/,0
https://errbszujb4hl.xyz,1
http://instagram-suspend-signin.club/session,1
https://Chase-confirm.cf,1
http://whatsapp-account-suspend.tk/session,1
https://docs.netflix.com/,0
https://accounts.chase.com/,0
http://instagram-pb74-wo7v-1gsf-secure-9qbfi.club/login/verify,1
http://applee-verify.info,1
http://eba-update.cf,1
http://google.com@tmzh93xm.ml,1
https://mail.gtbank.com/,0
https://blog.airbnb.com/pricing?ref=yz7s,0
https://appple-secure.ml,1
https://support.whatsapp.com/login,0
https://facebook-dayd-w9f6-y5v9-secure-r1tr4.gq/login/verify,1
https://shop.google.com/pricing,0
https://blog.spotify.com/settings,0
https://www.facebook.com/account,0
https://accounts.paypal.com/account,0
http://mzi9y8u40qcu.ml,1
http://169.126.147.143/verify.php,1
https://mail.figma.com/settings,0
http://ackln9.club,1
https://support.google.com/account,0
https://mail.whatsapp.com/help,0
http://98.125.2.13/login.php,1
http://whatsapp-confirm.top/session,1
https://accounts.gtbank.com/settings,0
http://appple-signin.tk,1
https://ebay-account-confirm.ga/session,1
https://accounts.booking.com/pricing?ref=5b2c,0
http://google-z9rt-d6en-mb9u-secure-c3zqx.top/login/verify,1
https://shop.zoom.us/help,0
https://shop.github.com/about,0
https://amAzon-alert.xyz,1
http://microsoft.com@2mdg3tja.work,1
https://mail.booking.com/?ref=7450,0
https://coinbase.com/products?ref=wz94,0
https://blog.yahoo.com/,0
https://figma.com/docs/api,0
http://apple-tn7s-u62j-secure-5x9e0.gq/login/verify,1
https://facebook.com@aq2ds3ed.work,1
http://paaypal-update.top,1
https://mail.slack.com/docs/api,0
https://166.102.4.37/confirm.php,1
https://payppal-verify.cf,1
https://amazon-suspend-signin.cf/session,1
https://adobe.com/docs/api,0
https://9.134.53.163/signin.php,1
https://docs.quora.com/account,0
http://ke4qwl.info,1
http://microsoft-yqmw-t0ip-sb53-secure-qc5li.ga/login/verify,1
https://whatjsapp-suspend.tk,1
http://facebook-d4ht-uw52-rb3b-secure-z2a5i.cf/login/verify,1
https://yahoo.com/account,0
https://cnn.com/settings?ref=117n,0
https://netflix.com@qv8elspj.club,1
http://instagram-wiy7-k600-0u1r-54ed-secure-z764h.xyz/login/verify,1
https://support.cnn.com/pricing,0
https://www.instagram.com/login?ref=snwy,0
https://instagram.com@h4pzngvx.ml,1
https://ulinkedin-account.work,1
https://support.shopify.com/help,0
https://mail.facebook.com/about,0
http://qapple-confirm.gq,1
https://coinbase-verify.club/session,1
https://quora.com/login,0
https://shop.medium.com/about,0
http://219.129.209.245/account.php,1
https://docs.zenithbank.com/help,0
https://mail.stackoverflow.com/login,0
https://id.netflix.com/account,0
https://docs.reddit.com/docs/api?ref=fu8i,0
http://73.51.100.144/banking.php,1
https://aPple-update.gq,1
https://www.nytimes.com/products?ref=zu80,0
https://support.zenithbank.com/help,0
http://ztay12yiv.ga,1
https://support.figma.com/products,0
https://id.spotify.com/products,0
https://accounts.google.com/login,0
https://whatsapp-confirm-banking.cf/session,1
https://support.whatsapp.com/pricing,0
https://shop.reddit.com/docs/api,0
http://chase-2kb6-jy5r-1spp-secure-ua73a.xyz/login/verify,1
https://coinbase-zr5p-x6b4-secure-26s2q.ga/login/verify,1
https://www.chase.com/pricing,0
http://amazon.com@s0i99n7t.tk,1
http://coinbase-xdey-w1tc-fi4p-secure-iy2s5.gq/login/verify,1
http://facebook.com@a6m04ypr.top,1
https://id.figma.com?ref=j8k8,0
https://accounts.zenithbank.com/docs/api,0
https://nEtflix-confirm.work,1
https://netflix.com/help,0
https://accounts.microsoft.com,0
https://accounts.notion.so/about,0
https://mail.zoom.us,0
https://id.wikipedia.org/products?ref=xpsp,0
https://blog.linkedin.com/help,0
https://blog.nytimes.com/settings,0
http://whatsapp-confirm.ga/session,1
https://blog.google.com/docs/api,0
https://docs.trello.com/about,0
https://apple.com@7tpwa05b.work,1
https://docs.apple.com/account?ref=qpki,0
https://netflix-signin.club/session,1
https://mail.reddit.com/login,0
http://gtbnk-account.xyz,1
https://www.bbc.com/pricing?ref=w6mm,0
https://apple-h54s-47eu-aq3h-8xaz-secure-j2p7r.club/login/verify,1
http://netflix-suspend.top/session,1
https://shop.yahoo.com,0
https://chase-jsv0-zity-fipp-r46q-secure-45k5q.cf/login/verify,1
https://www.instagram.com/docs/api,0
https://shop.linkedin.com/products,0
https://mail.microsoft.com/,0
https://id.notion.so/help?ref=l8mw,0
http://chase.com@53oppoyd.work,1
https://docs.wordpress.com/,0
http://txomi8co2xzd.cf,1
http://222.92.136.181/suspend.php,1
https://google-ulv1-j308-ipuv-58oh-secure-3lhxo.tk/login/verify,1
https://accounts.whatsapp.com/settings,0
https://docs.twitter.com/?ref=ba3y,0
https://docs.github.com/docs/api?ref=9aiz,0
https://googlle-banking.tk,1
https://zenithbank.com/pricing?ref=38sr,0
https://id.airbnb.com/account,0
https://blog.accessbankplc.com/pricing,0
http://amazon-suspend.top/session,1
https://blog.yahoo.com/settings,0
https://shop.reddit.com/products,0
https://accounts.whatsapp.com/,0
https://95.27.241.246/alert.php,1
http://microssoft-confirm.info,1
http://netflix.com@1ttimlyt.ga,1
https://docs.spotify.com/pricing,0
http://fujppzhh46.xyz,1
http://microsoft-verify.top/session,1
https://www.instagram.com/pricing,0
https://www.cnn.com/,0
https://support.airbnb.com/settings?ref=v78h,0
https://www.microsoft.com/account,0
https://docs.spotify.com/login?ref=uva7,0
http://instagram-update.cf/session,1
https://mail.spotify.com/help,0
https://shop.trello.com/login,0
https://blog.figma.com/pricing,0
http://amazon-yk86-adno-kku3-s710-secure-izs3j.xyz/login/verify,1
https://instagrram-account.gq,1
https://docs.quora.com/,0
https://netflix.com@ueno88uo.cf,1
https://id.ebay.com,0
https://133.41.89.75/signin.php,1
http://paypal.com@x54k7ynk.xyz,1
http://paypal-0vlr-rbae-jz28-secure-qpjn2.tk/login/verify,1
http://psill0no8.top,1
https://xrbx2wfiyow.info,1
https://gtbank-confirm.gq/session,1
https://shop.cnn.com/,0
http://28imdgaj.tk,1
https://mail.bbc.com/docs/api,0
https://blog.coinbase.com/docs/api,0
https://id.stackoverflow.com?ref=kg8b,0
https://docs.whatsapp.com/settings,0
https://support.instagram.com/,0
https://accounts.slack.com/login,0
http://chase-44xr-iigu-p30l-1r99-secure-eat64.xyz/login/verify,1
https://docs.amazon.com/products,0
https://id.zenithbank.com/products,0
https://accounts.netflix.com/account,0
https://salesforce.com/settings,0
https://trello.com/settings,0
https://amazon-banking-suspend.ga/session,1
https://mail.dropbox.com/pricing?ref=9hox,0
https://accounts.quora.com/account,0
http://163.68.249.114/verify.php,1
https://docs.wikipedia.org/docs/api,0
https://id.bbc.com/,0
http://cqs6519eyin.gq,1
http://instagram-ouif-jilx-secure-lgu0t.xyz/login/verify,1
https://blog.microsoft.com/account,0
https://mail.ebay.com/,0
https://docs.paypal.com/,0
https://apple-verify.gq/session,1
https://rkfi53llp0.top,1
http://apple-alert-account.club/session,1
https://trello.com/pricing,0
http://apple-banking-login.tk/session,1
http://linkedin.com@jbp33giu.top,1
https://accounts.trello.com?ref=hylu,0
https://www.yahoo.com/settings,0
https://twitter.com/,0
https://blog.salesforce.com/help,0
http://uk4sha6.top,1
https://sy80w5gs.xyz,1
https://instagram-alert-account.cf/session,1
https://www.nytimes.com/about,0
http://174.51.153.94/login.php,1
http://linkedin.com@1522ou2v.top,1
https://204.207.105.215/login.php,1
https://docs.spotify.com/settings,0
http://coinbase-ahnw-gu9b-secure-innu7.ga/login/verify,1
https://netflix-n6db-xf9r-exlo-yeyq-secure-o2mcq.ga/login/verify,1
http://netflix-yghv-qizd-82cu-secure-idxwi.ml/login/verify,1
https://mail.github.com/settings?ref=wzxs,0
https://intagram-signin.ga,1
https://www.notion.so/pricing?ref=np8d,0
http://google-a72y-sqrr-bjve-ne8d-secure-px06l.xyz/login/verify,1
https://apple-suspend-banking.ga/session,1
https://docs.chase.com/pricing,0
https://etflix-confirm.net,1
http://linkedin-banking.ml/session,1
http://google-h6jj-lvwg-j9y5-secure-ca037.tk/login/verify,1
https://id.slack.com/account,0
http://paypal-login.top/session,1
https://mail.slack.com/,0
http://5gyte3.cf,1
http://microsoft-bqnx-pvms-r75r-secure-llsad.xyz/login/verify,1
https://accounts.accessbankplc.com/,0
https://id.microsoft.com,0
http://instagram-3qkg-8j7w-secure-977xp.ml/login/verify,1
https://linkedin-verify.gq/session,1
https://blog.amazon.com/,0
https://docs.spotify.com/help,0
http://ebay-confirm.ml/session,1
http://linkedin-banking-verify.cf/session,1
https://blog.zoom.us/settings,0
http://rkqql7ph6.top,1
https://shop.notion.so/login,0
http://ebay-vlqu-017w-tp0k-secure-upnei.top/login/verify,1
https://support.twitter.com/pricing,0
https://id.yahoo.com/account,0
https://201.229.145.179/suspend.php,1
https://mail.adobe.com/login,0
https://mail.bbc.com?ref=azrp,0
http://instagram-suspend-signin.xyz/session,1
https://156.252.210.45/account.php,1
https://docs.shopify.com?ref=3o5u,0
https://support.linkedin.com?ref=72oy,0
https://shop.figma.com/account,0
https://accounts.amazon.com,0
http://linkedin.com@zj8xkv4v.club,1
https://chase-iobc-fphg-secure-bc2fv.info/login/verify,1
https://iw8x17.tk,1
https://mail.wikipedia.org/?ref=576m,0
http://microsoft.com@ahan6cad.top,1
http://google.com@lonkcp8o.work,1
https://shop.airbnb.com/,0
http://apple.com@gy21jmas.work,1
https://id.adobe.com/account,0
http://amazon-secure-alert.cf/session,1
http://99.132.11.232/suspend.php,1
https://shop.slack.com/account,0
https://mail.microsoft.com/account,0
http://facebok-login.com,1
http://instagram-login-suspend.club/session,1
https://support.zenithbank.com/account,0
http://4.109.108.189/suspend.php,1
https://docs.dropbox.com/docs/api?ref=awyq,0
https://accounts.stackoverflow.com/account,0
https://accounts.slack.com/?ref=0771,0
https://mail.paypal.com/products?ref=f0ju,0
https://id.instagram.com/,0
http://amazonn-verify.com,1
https://netflix.com@d1yozrb7.ga,1
http://chAse-alert.club,1
https://instagram-login.xyz/session,1
https://www.github.com/help,0
https://linkedin-verify-confirm.top/session,1
https://medium.com/docs/api?ref=1df6,0
https://blog.slack.com/,0
https://id.coinbase.com/products?ref=ojen,0
https://www.instagram.com/about,0
https://mail.cnn.com/login,0
https://support.booking.com/docs/api,0
https://google.com@6gdtgcg8.ga,1
http://piwhwu6yhv.top,1
http://microoft-confirm.com,1
https://accounts.stackoverflow.com/settings,0
https://accounts.cnn.com/settings,0
http://232.37.136.206/login.php,1
https://mapple-login.tk,1
https://docs.netflix.com/about,0
http://giokoqs8d.ml,1
https://www.google.com/login,0
https://docs.coinbase.com/about,0
https://www.microsoft.com/docs/api?ref=5rif,0
https://id.notion.so,0
https://shop.paypal.com,0
https://netflix.com@ar6ufcmv.info,1
https://id.medium.com/products?ref=vj83,0
https://mail.quora.com/login,0
https://id.trello.com/login,0
https://docs.wordpress.com/products,0
https://179.233.3.147/confirm.php,1
http://coinbase-update-signin.gq/session,1
https://support.bbc.com/,0
https://shop.google.com/pricing?ref=753l,0
http://appple-verify.gq,1
https://shop.microsoft.com/account,0
https://support.netflix.com/account,0
https://blog.salesforce.com/,0
https://mail.slack.com/help?ref=jdlo,0
http://bju8oxm9f4o.cf,1
https://shop.gtbank.com/help,0
https://id.wikipedia.org/pricing,0
https://accounts.salesforce.com/docs/api,0
https://amkazon-alert.com,1
https://support.netflix.com/,0
https://docs.ebay.com/help,0
https://blog.spotify.com/help,0
http://177.82.149.62/banking.php,1
https://paypal-signin-banking.club/session,1
https://accounts.wordpress.com/docs/api,0
https://www.yahoo.com?ref=h0uy,0
http://108.196.38.65/banking.php,1
https://accounts.trello.com/,0
https://blog.quora.com/docs/api?ref=dejn,0
https://whatsapp-q2xa-qgsa-secure-xam7b.cf/login/verify,1
https://docs.google.com/settings?ref=pztc,0
https://mail.apple.com/settings?ref=v6xg,0
https://cnn.com,0
https://8kz3q0ewlc.cf,1
http://gtbank.com@qttoh9jv.cf,1
https://accounts.paypal.com/products?ref=ol0w,0
https://microSoft-confirm.ml,1
http://apple-signin-login.club/session,1
http://instagram-cl37-pr5a-secure-a2mf3.cf/login/verify,1
https://netfflix-account.tk,1
https://blog.adobe.com/products?ref=qnk2,0
http://ww8eirhrlnf6.top,1
https://mail.amazon.com,0
https://shopify.com/products?ref=dyk0,0
https://linkedin.com@gct2xfdz.top,1
https://blog.gtbank.com/about,0
http://lo9lyda.tk,1
https://accounts.yahoo.com/pricing,0
http://microsoft-pu8o-9ons-secure-yms2f.info/login/verify,1
https://support.linkedin.com/pricing,0
http://chase-jai9-c2bv-s3k3-37ov-secure-wxhvy.info/login/verify,1
http://124.218.211.178/banking.php,1
https://accounts.reddit.com/pricing,0
http://mwcmzx.top,1
https://docs.zenithbank.com/settings,0
https://docs.google.com/account,0
https://chase.com@k0veyd5m.xyz,1
https://cnn.com/,0
https://4kk1r6l5ak.ga,1
https://shop.airbnb.com/settings,0
http://xkdru4c2p.gq,1
https://shop.google.com/about,0
https://blog.apple.com/settings,0
https://qc9pun6en1kq.xyz,1
https://155.25.127.244/update.php,1
https://instagram-uiqi-2s6i-7imw-secure-b9pdg.cf/login/verify,1
https://223.29.55.159/verify.php,1
http://apple-verify.tk/session,1
https://adobe.com/settings,0
http://facebooK-login.club,1
http://paaypal-login.tk,1
https://mail.notion.so/pricing?ref=uu5f,0
http://apple.com@veox3akv.tk,1
http://tsm3s08uwox.club,1
https://blog.accessbankplc.com,0
https://shop.coinbase.com,0
http://paypal-update.club/session,1
https://blog.figma.com/account,0
https://shop.airbnb.com/products,0
https://id.notion.so/help,0
http://facebook.com@j6w8zn5x.top,1
https://id.spotify.com/docs/api,0
http://apple-banking.ga/session,1
https://facebook.com@gpsss2pf.work,1
http://244.251.248.203/banking.php,1
https://mail.google.com/products,0
https://support.instagram.com/products,0
https://netfclix-verify.tk,1
http://36.81.2.246/signin.php,1
http://217.121.182.66/signin.php,1
https://id.stackoverflow.com/products?ref=3k3o,0
https://accounts.nytimes.com/help,0
http://coinbase.com@jocujvxh.club,1
https://2xovyxhzp.ml,1
https://shop.adobe.com?ref=b4m0,0
https://www.figma.com/settings,0
http://microsoft-2zqy-jm3p-psoh-secure-f823q.ml/login/verify,1
https://support.shopify.com/products?ref=j9rm,0
http://whatsapp-bygr-uzu5-e3vm-secure-wnuk4.gq/login/verify,1
http://amazon-update.gq/session,1
http://apple.com@d7lj8mm0.tk,1
http://coinbase.com@524kskwe.ml,1
http://whatsapp-avh0-94ip-zgrs-piw0-secure-ny41u.xyz/login/verify,1
http://paypal-banking-suspend.ga/session,1
http://109.115.72.59/update.php,1
https://booking.com/login?ref=4w1a,0
https://124.178.170.127/banking.php,1
https://www.dropbox.com/help,0
https://netflix-yrvf-onty-adjc-secure-8klx9.xyz/login/verify,1
http://instagram-urwi-seno-secure-h2ks1.tk/login/verify,1
https://www.stackoverflow.com/products,0
http://81.82.117.105/signin.php,1
https://blog.twitter.com/login,0
https://www.trello.com?ref=5t82,0
http://sjtnwu9s15.work,1
http://linkedin-46u1-5uts-u3w9-secure-dpimr.cf/login/verify,1
https://blog.trello.com/account,0
https://213.45.196.83/signin.php,1
https://www.accessbankplc.com/help,0
https://shop.netflix.com/account,0
https://id.airbnb.com/docs/api?ref=tty9,0
http://amazln-update.tk,1
https://blog.booking.com/,0
https://support.linkedin.com/settings?ref=fpqx,0
http://ebay-ecaa-ffsd-uc4k-9i14-secure-n6zju.info/login/verify,1
http://facebook-secure.cf/session,1
http://paypal.com@i47jwu7s.tk,1
http://ebay-1ejt-1wt8-secure-5qtdc.tk/login/verify,1
http://224.50.179.75/account.php,1
http://linkedin.com@xoushfrr.ml,1
https://support.reddit.com/login?ref=sf3y,0
https://netflix.com@a2x17zql.ga,1
https://mail.amazon.com/settings,0
https://accounts.zenithbank.com/login,0
http://gtbank-mpgx-44qx-secure-clmmv.tk/login/verify,1
https://github.com/account,0
http://coinbase-v08k-trpw-secure-hhigv.work/login/verify,1
http://netfliX-verify.net,1
https://shop.salesforce.com,0
https://instagram-gt0r-0vip-35t5-secure-gylbi.club/login/verify,1
https://netflix.com@qdwol61v.tk,1
http://ebay-l70s-hyvn-secure-6sxua.cf/login/verify,1
http://211.150.172.139/login.php,1
https://docs.github.com/pricing,0
https://www.cnn.com/account,0
https://id.cnn.com/products,0
http://138.208.113.90/secure.php,1
http://e71g4eai7.gq,1
http://kg3fye4.cf,1
https://id.salesforce.com/settings,0
https://whatspp-alert.gq,1
http://cozfqp.cf,1
https://accounts.reddit.com/about?ref=hyp9,0
https://support.zenithbank.com/docs/api,0
http://netflIx-signin.ga,1
http://132.227.237.206/login.php,1
http://ebay-8r2w-71tj-secure-rl1eh.top/login/verify,1
https://support.coinbase.com/help?ref=al2w,0
https://shop.reddit.com/login?ref=fww4,0
https://docs.ebay.com/login,0
https://223.175.27.23/signin.php,1
http://coinbase-t7b7-uya0-88qe-secure-58oaf.ga/login/verify,1
https://netflix.com@6n7qlbw6.work,1
https://www.trello.com/products?ref=8u8n,0
https://support.github.com/products?ref=izfw,0
https://www.adobe.com/about,0
http://40f72ve4irf7.tk,1
http://paypal-ousx-9dxz-secure-zudo9.top/login/verify,1
https://facebook.com/products,0
http://linkedin.com@vdlv0wgd.cf,1
http://facebook-login.cf/session,1
https://support.paypal.com/pricing?ref=nmkz,0
https://shop.zoom.us/pricing,0
http://facebook.com@jm7x1rcq.xyz,1
http://chalse-suspend.xyz,1
https://whatsapp.com@it4j0sgq.gq,1
https://mq4vbgr3aj.xyz,1
http://gtbank-alert.ga/session,1
http://148.32.233.248/confirm.php,1
https://blog.ebay.com/about,0
https://amazon-alert.ml,1
https://netflix.com@sf0s60kq.cf,1
http://209.19.202.220/suspend.php,1
https://coinbase.com@s55nmwhh.ml,1
https://accounts.adobe.com/login?ref=4bx4,0
https://www.coinbase.com/docs/api?ref=1adn,0
http://chase-ahin-oevz-rpe7-secure-u87h0.top/login/verify,1
https://paypal-verify.club/session,1
https://mail.spotify.com/account?ref=g1wj,0
https://id.notion.so/help?ref=1jqb,0
http://znmzofe98.work,1
https://accounts.adobe.com/about?ref=4v9k,0
http://linnkedin-signin.work,1
https://blog.linkedin.com/,0
https://id.notion.so/settings,0
https://neteflix-verify.tk,1
https://docs.whatsapp.com/docs/api?ref=ns8y,0
https://shop.chase.com/about?ref=50at,0
http://facebook-alert.ml/session,1
http://paypal-f9to-0wzn-4xj7-65va-secure-7kzb5.xyz/login/verify,1
https://242.203.189.163/account.php,1
http://apple-l96e-pt6a-secure-s5ok6.tk/login/verify,1
http://ud3i2iwmc.info,1
https://netflix.com@qrerika7.gq,1
http://netflix.com@frb7ei5r.top,1
http://paypal.com@w6ya8jb9.ml,1
https://coinbase-y8sf-4fp4-v8z3-secure-81de0.xyz/login/verify,1
https://alpple-alert.xyz,1
https://shop.ebay.com/about,0
http://amazon.com@yl1w9jpk.top,1
https://support.trello.com/settings?ref=w0ic,0
http://google.com@803jw6r8.cf,1
http://google-login-alert.ml/session,1
https://facebaok-alert.ml,1
http://facebook-n0c9-sm2q-secure-nae2a.ga/login/verify,1
https://accounts.apple.com/products,0
http://whatsApp-suspend.cf,1
https://www.chase.com/account,0
https://shop.dropbox.com/products,0
https://shop.gtbank.com/settings,0
http://netflix.com@cb41scy3.xyz,1
https://accounts.spotify.com/account?ref=b85p,0
https://paepal-update.ml,1
https://whasapp-banking.net,1
https://trello.com/products?ref=qkdm,0
http://ebay-banking-update.tk/session,1
http://apvple-secure.info,1
https://support.quora.com/pricing,0
http://amazon-q77h-ns54-gwdf-secure-exoan.top/login/verify,1
http://coinbase-0pe8-el8h-paza-ur4l-secure-vxy16.xyz/login/verify,1
http://qg034l4.gq,1
https://google-verify.work/session,1
https://mail.adobe.com/account,0
http://whatsapp-80ce-91te-fo1s-secure-3enww.top/login/verify,1
https://shop.zoom.us/products,0
https://microsoft-kda2-4mks-9vio-ifji-secure-18l30.info/login/verify,1
https://netflix-banking-login.gq/session,1
http://xswwkrp.tk,1
https://44.242.85.241/alert.php,1
https://shop.stackoverflow.com/?ref=lrki,0
https://accounts.notion.so/products,0
http://netflix-banking-suspend.xyz/session,1
https://www.salesforce.com/,0
https://fhxcby0t.club,1
https://mail.shopify.com/account,0
http://chhase-alert.net,1
https://facebook-alert.xyz/session,1
https://instagram.com@49qpeq6y.ga,1
https://google-4ai2-278e-secure-ms4ts.info/login/verify,1
https://cn9obxc56.gq,1
https://www.google.com,0
https://docs.whatsapp.com/docs/api,0
https://ac4jrcq.ga,1
https://208.17.44.145/alert.php,1
http://4.36.133.88/suspend.php,1
https://blog.chase.com/about,0
https://mail.wikipedia.org/,0
https://support.linkedin.com/products,0
https://247.7.107.100/banking.php,1
https://facebook-mws8-1bxd-7itq-secure-h1xaw.info/login/verify,1
https://cahase-verify.gq,1
http://chase.com@z8udlqii.ml,1
https://accounts.airbnb.com/docs/api,0
http://linkedin.com@wbxl2wlx.club,1
http://microsoft-login-secure.work/session,1
https://accounts.ebay.com/,0
https://blog.paypal.com,0
https://id.github.com/,0
https://jpca12j8z8do.xyz,1
https://id.figma.com/about,0
https://www.trello.com/login,0
https://whatsapp.com/help,0
http://microsoft.com@z2h4q4vt.gq,1
https://blog.chase.com/docs/api?ref=1ksi,0
https://www.quora.com,0
http://25.78.86.12/account.php,1
https://id.stackoverflow.com/login?ref=zo2s,0
http://eebay-account.ml,1
https://accounts.spotify.com/about?ref=zjw8,0
https://docs.github.com,0
https://netflix.com@2rrtxvf4.ga,1
http://apple.com@hr6cmewt.top,1
https://support.wordpress.com/pricing,0
http://gtbank-vefh-x0zj-7izv-a3t8-secure-2vl1t.info/login/verify,1
http://instagram.com@7iu31e90.ga,1
http://ty7w29.xyz,1
https://wikipedia.org/docs/api?ref=ng8t,0
https://support.notion.so/login,0
https://support.spotify.com/settings?ref=s758,0
http://119.80.70.239/update.php,1
http://facerbook-account.cf,1
https://support.cnn.com/about,0
https://14.252.251.38/update.php,1
http://135.19.213.157/account.php,1
http://230.196.29.127/verify.php,1
https://shop.whatsapp.com/about,0
https://mail.trello.com/docs/api,0
http://apple-update-banking.ml/session,1
http://6aylld4.xyz,1
http://gtbank-bt0n-ug9f-o8qg-87ci-secure-02mg2.top/login/verify,1
http://gtbank-suspend-alert.club/session,1
https://shop.accessbankplc.com/about,0
https://support.shopify.com,0
https://support.linkedin.com/settings,0
https://support.paypal.com/,0
https://mail.accessbankplc.com,0
https://accounts.medium.com/products,0
https://accounts.facebook.com/about,0
https://7u4gbgcn3k3.work,1
https://gtbank.com@rt2l2ieo.cf,1
http://coinnbase-login.net,1
https://shop.zoom.us/about,0
https://243.170.247.153/confirm.php,1
https://shop.chase.com/login,0
https://shop.adobe.com/about?ref=lwvm,0
http://242.200.249.217/update.php,1
https://blog.shopify.com,0
http://ebay.com@41ug82z8.ml,1
https://blog.wikipedia.org/settings?ref=1qx6,0
http://google-confirm-account.tk/session,1
https://www.quora.com/help?ref=w9yi,0
https://id.netflix.com,0
http://gtbank-confirm-banking.ga/session,1
https://accounts.trello.com,0
http://amazon-login.info/session,1
http://chase-login.work/session,1
http://linkedin.com@0fvlc254.tk,1
http://pusrzaeq.top,1
https://blog.cnn.com/help,0
http://chase-h57d-dm6j-9lxg-secure-wtk41.ml/login/verify,1
https://www.coinbase.com/help?ref=i4o6,0
https://225.30.26.98/account.php,1
https://shop.nytimes.com/docs/api,0
https://whatsapp.com@k98xvi67.ml,1
http://6ldinusmj.top,1
https://id.accessbankplc.com/settings,0
https://accounts.cnn.com/,0
https://blog.ebay.com/pricing,0
http://gtbank-ynsu-a88n-vqne-secure-n1tp1.top/login/verify,1
https://shop.trello.com/account?ref=63ai,0
https://support.linkedin.com/help,0
https://244.222.41.212/login.php,1
http://a33op3.xyz,1
https://linkEdin-update.xyz,1
https://quora.com/about,0
https://netfix-verify.info,1
https://docs.stackoverflow.com/account,0
https://docs.accessbankplc.com,0
https://www.twitter.com/,0
https://ebay.com@ek1hw67y.info,1
https://facabook-login.work,1
https://ccinbase-update.info,1
https://id.salesforce.com/pricing,0
http://nj8th1p.info,1
https://payppal-secure.work,1
https://blog.nytimes.com/docs/api?ref=ggxp,0
https://accessbankplc.com/about?ref=3yqy,0
